pkl_path,run_type,run_idx,num_vertices,offtarget_limit,conflict_probability,independent_set_size,independent_set_sequences,set_size_trajectories,sequence_length,range_sigma,min_on,max_on
results/short_seq_4mer_sigma1p5_subset.pkl,naive,0,50,-5.1000000000000005,0.1657142857142857,12,"[('ACCA', 'TGGT'), ('CTCC', 'GGAG'), ('CGAG', 'CTCG'), ('ACAC', 'GTGT'), ('CGAC', 'GTCG'), ('GCAC', 'GTGC'), ('GAGC', 'GCTC'), ('GGAC', 'GTCC'), ('CGAA', 'TTCG'), ('CCTC', 'GAGG'), ('CGTA', 'TACG'), ('CAGG', 'CCTG')]",,4,1.5,-6.283404995398598,-5.139700517879499
results/short_seq_4mer_sigma1p5_subset.pkl,vertex_cover,0,50,-5.1000000000000005,0.1657142857142857,16,"[('CAGG', 'CCTG'), ('GCTA', 'TAGC'), ('CCAG', 'CTGG'), ('CGAG', 'CTCG'), ('CGTA', 'TACG'), ('CGGA', 'TCCG'), ('CCTC', 'GAGG'), ('GACC', 'GGTC'), ('ACAC', 'GTGT'), ('AACC', 'GGTT'), ('CGAA', 'TTCG'), ('CCAC', 'GTGG'), ('CGAC', 'GTCG'), ('GGAC', 'GTCC'), ('CTCC', 'GGAG'), ('CTGC', 'GCAG')]","[[16, 16, 16, 16, 16, 16, 16, 16, 16, 16, 16, 16, 16, 16, 16, 16, 16, 16, 16, 16, 16, 16, 16, 16, 16, 16, 16, 16, 16, 16, 16, 16, 16, 16, 16, 16, 16, 16, 16, 16, 16, 16, 16, 16, 16, 16, 16, 16, 16, 16, 16, 16, 16, 16, 16, 16, 16, 16, 16, 16, 16, 16, 16, 16, 16, 16, 16, 16, 16, 16, 16, 16, 16, 16, 16, 16, 16, 16, 16, 16, 16, 16, 16, 16, 16, 16, 16, 16, 16, 16, 16, 16, 16, 16, 16, 16, 16, 16, 16, 16, 16, 16, 16, 16, 16, 16, 16, 16, 16, 16, 16, 16, 16, 16, 16, 16, 16, 16, 16, 16, 16, 16, 16, 16, 16, 16, 16, 16, 16, 16, 16, 16, 16, 16, 16, 16, 16, 16, 16, 16, 16, 16, 16, 16, 16, 16, 16, 16, 16, 16, 16, 16, 16, 16, 16, 16, 16, 16, 16, 16, 16, 16, 16, 16, 16, 16, 16, 16, 16, 16, 16, 16, 16, 16, 16, 16, 16, 16, 16, 16, 16, 16, 16, 16, 16, 16, 16, 16, 16, 16, 16, 16, 16, 16, 16, 16, 16, 16, 16, 16, 16, 16, 16, 16, 16, 16, 16, 16, 16, 16, 16, 16, 16, 16, 16, 16, 16, 16, 16, 16, 16, 16, 16, 16, 16, 16, 16, 16, 16, 16, 16, 16, 16, 16, 16, 16, 16, 16, 16, 16, 16, 16, 16, 16, 16, 16, 16, 16, 16, 16, 16, 16, 16, 16, 16, 16, 16, 16, 16, 16, 16, 16, 16, 16, 16, 16, 16, 16, 16, 16, 16, 16, 16, 16, 16, 16, 16, 16, 16, 16, 16, 16, 16, 16, 16, 16, 16, 16, 16, 16, 16, 16, 16, 16, 16, 16, 16, 16, 16, 16]]",4,1.5,-6.283404995398598,-5.139700517879499
results/short_seq_4mer_sigma1p5_subset.pkl,naive,1,50,-5.1000000000000005,0.1657142857142857,13,"[('CCCA', 'TGGG'), ('CACA', 'TGTG'), ('GCTA', 'TAGC'), ('ATCG', 'CGAT'), ('CAGG', 'CCTG'), ('GCAA', 'TTGC'), ('GGAC', 'GTCC'), ('CGAC', 'GTCG'), ('GACC', 'GGTC'), ('CACC', 'GGTG'), ('CGTA', 'TACG'), ('CCTC', 'GAGG'), ('CTCC', 'GGAG')]",,4,1.5,-6.283404995398598,-5.139700517879499
results/short_seq_4mer_sigma1p5_subset.pkl,vertex_cover,1,50,-5.1000000000000005,0.1657142857142857,16,"[('CAGG', 'CCTG'), ('CGGA', 'TCCG'), ('CCAG', 'CTGG'), ('CGAG', 'CTCG'), ('CCTC', 'GAGG'), ('CGTC', 'GACG'), ('AAGC', 'GCTT'), ('GACC', 'GGTC'), ('GCAA', 'TTGC'), ('AACC', 'GGTT'), ('ACAC', 'GTGT'), ('CGAA', 'TTCG'), ('CCAC', 'GTGG'), ('CGAC', 'GTCG'), ('GGAC', 'GTCC'), ('CTCC', 'GGAG')]","[[16, 16, 16, 16, 16, 16, 16, 16, 16, 16, 16, 16, 16, 16, 16, 16, 16, 16, 16, 16, 16, 16, 16, 16, 16, 16, 16, 16, 16, 16, 16, 16, 16, 16, 16, 16, 16, 16, 16, 16, 16, 16, 16, 16, 16, 16, 16, 16, 16, 16, 16, 16, 16, 16, 16, 16, 16, 16, 16, 16, 16, 16, 16, 16, 16, 16, 16, 16, 16, 16, 16, 16, 16, 16, 16, 16, 16, 16, 16, 16, 16, 16, 16, 16, 16, 16, 16, 16, 16, 16, 16, 16, 16, 16, 16, 16, 16, 16, 16, 16, 16, 16, 16, 16, 16, 16, 16, 16, 16, 16, 16, 16, 16, 16, 16, 16, 16, 16, 16, 16, 16, 16, 16, 16, 16, 16, 16, 16, 16, 16, 16, 16, 16, 16, 16, 16, 16, 16, 16, 16, 16, 16, 16, 16, 16, 16, 16, 16, 16, 16, 16, 16, 16, 16, 16, 16, 16, 16, 16, 16, 16, 16, 16, 16, 16, 16, 16, 16, 16, 16, 16, 16, 16, 16, 16, 16, 16, 16, 16, 16, 16, 16, 16, 16, 16, 16, 16, 16, 16, 16, 16, 16, 16, 16, 16, 16, 16, 16, 16, 16, 16, 16, 16, 16, 16, 16, 16, 16, 16, 16, 16, 16, 16, 16, 16, 16, 16, 16, 16, 16, 16, 16, 16, 16, 16, 16, 16, 16, 16, 16, 16, 16, 16, 16, 16, 16, 16, 16, 16, 16, 16, 16, 16, 16, 16, 16, 16, 16, 16, 16, 16, 16, 16, 16, 16, 16, 16, 16, 16, 16, 16, 16, 16, 16, 16, 16, 16, 16, 16, 16, 16, 16, 16, 16, 16, 16, 16, 16, 16, 16, 16, 16, 16, 16, 16, 16, 16, 16, 16, 16, 16, 16, 16, 16, 16, 16, 16, 16, 16, 16]]",4,1.5,-6.283404995398598,-5.139700517879499
results/short_seq_4mer_sigma1p5_subset.pkl,naive,2,50,-5.1000000000000005,0.1657142857142857,14,"[('CGTC', 'GACG'), ('GCTA', 'TAGC'), ('ACCG', 'CGGT'), ('GGAC', 'GTCC'), ('CGAG', 'CTCG'), ('CTGC', 'GCAG'), ('CGAA', 'TTCG'), ('CCAC', 'GTGG'), ('ACAC', 'GTGT'), ('CCAG', 'CTGG'), ('CCTC', 'GAGG'), ('CTCC', 'GGAG'), ('CGAC', 'GTCG'), ('CAGG', 'CCTG')]",,4,1.5,-6.283404995398598,-5.139700517879499
results/short_seq_4mer_sigma1p5_subset.pkl,vertex_cover,2,50,-5.1000000000000005,0.1657142857142857,16,"[('CAGG', 'CCTG'), ('GCTA', 'TAGC'), ('CCAG', 'CTGG'), ('CGAG', 'CTCG'), ('CGGA', 'TCCG'), ('CCTC', 'GAGG'), ('CGTC', 'GACG'), ('GACC', 'GGTC'), ('ACAC', 'GTGT'), ('AACC', 'GGTT'), ('CGAA', 'TTCG'), ('CCAC', 'GTGG'), ('CGAC', 'GTCG'), ('GGAC', 'GTCC'), ('CTCC', 'GGAG'), ('CTGC', 'GCAG')]","[[16, 16, 16, 16, 16, 16, 16, 16, 16, 16, 16, 16, 16, 16, 16, 16, 16, 16, 16, 16, 16, 16, 16, 16, 16, 16, 16, 16, 16, 16, 16, 16, 16, 16, 16, 16, 16, 16, 16, 16, 16, 16, 16, 16, 16, 16, 16, 16, 16, 16, 16, 16, 16, 16, 16, 16, 16, 16, 16, 16, 16, 16, 16, 16, 16, 16, 16, 16, 16, 16, 16, 16, 16, 16, 16, 16, 16, 16, 16, 16, 16, 16, 16, 16, 16, 16, 16, 16, 16, 16, 16, 16, 16, 16, 16, 16, 16, 16, 16, 16, 16, 16, 16, 16, 16, 16, 16, 16, 16, 16, 16, 16, 16, 16, 16, 16, 16, 16, 16, 16, 16, 16, 16, 16, 16, 16, 16, 16, 16, 16, 16, 16, 16, 16, 16, 16, 16, 16, 16, 16, 16, 16, 16, 16, 16, 16, 16, 16, 16, 16, 16, 16, 16, 16, 16, 16, 16, 16, 16, 16, 16, 16, 16, 16, 16, 16, 16, 16, 16, 16, 16, 16, 16, 16, 16, 16, 16, 16, 16, 16, 16, 16, 16, 16, 16, 16, 16, 16, 16, 16, 16, 16, 16, 16, 16, 16, 16, 16, 16, 16, 16, 16, 16, 16, 16, 16, 16, 16, 16, 16, 16, 16, 16, 16, 16, 16, 16, 16, 16, 16, 16, 16, 16, 16, 16, 16, 16, 16, 16, 16, 16, 16, 16, 16, 16, 16, 16, 16, 16, 16, 16, 16, 16, 16, 16, 16, 16, 16, 16, 16, 16, 16, 16, 16, 16, 16, 16, 16, 16, 16, 16, 16, 16, 16, 16, 16, 16, 16, 16, 16, 16, 16, 16, 16, 16, 16, 16, 16, 16, 16, 16, 16, 16, 16, 16, 16, 16, 16, 16, 16, 16, 16, 16, 16, 16, 16, 16, 16, 16, 16]]",4,1.5,-6.283404995398598,-5.139700517879499
results/short_seq_4mer_sigma1p5_subset.pkl,naive,3,50,-5.1000000000000005,0.1657142857142857,13,"[('ACCG', 'CGGT'), ('CGAC', 'GTCG'), ('GCAC', 'GTGC'), ('GGAC', 'GTCC'), ('CTCC', 'GGAG'), ('CGTA', 'TACG'), ('ATCG', 'CGAT'), ('CCAG', 'CTGG'), ('ACAC', 'GTGT'), ('GCTA', 'TAGC'), ('CCTC', 'GAGG'), ('CCAC', 'GTGG'), ('CAGG', 'CCTG')]",,4,1.5,-6.283404995398598,-5.139700517879499
results/short_seq_4mer_sigma1p5_subset.pkl,vertex_cover,3,50,-5.1000000000000005,0.1657142857142857,16,"[('CAGG', 'CCTG'), ('GCTA', 'TAGC'), ('CCAG', 'CTGG'), ('CGAG', 'CTCG'), ('CGGA', 'TCCG'), ('CCTC', 'GAGG'), ('GACC', 'GGTC'), ('AACG', 'CGTT'), ('AACC', 'GGTT'), ('ACAC', 'GTGT'), ('CGAA', 'TTCG'), ('CCAC', 'GTGG'), ('CGAC', 'GTCG'), ('GGAC', 'GTCC'), ('CTCC', 'GGAG'), ('CTGC', 'GCAG')]","[[16, 16, 16, 16, 16, 16, 16, 16, 16, 16, 16, 16, 16, 16, 16, 16, 16, 16, 16, 16, 16, 16, 16, 16, 16, 16, 16, 16, 16, 16, 16, 16, 16, 16, 16, 16, 16, 16, 16, 16, 16, 16, 16, 16, 16, 16, 16, 16, 16, 16, 16, 16, 16, 16, 16, 16, 16, 16, 16, 16, 16, 16, 16, 16, 16, 16, 16, 16, 16, 16, 16, 16, 16, 16, 16, 16, 16, 16, 16, 16, 16, 16, 16, 16, 16, 16, 16, 16, 16, 16, 16, 16, 16, 16, 16, 16, 16, 16, 16, 16, 16, 16, 16, 16, 16, 16, 16, 16, 16, 16, 16, 16, 16, 16, 16, 16, 16, 16, 16, 16, 16, 16, 16, 16, 16, 16, 16, 16, 16, 16, 16, 16, 16, 16, 16, 16, 16, 16, 16, 16, 16, 16, 16, 16, 16, 16, 16, 16, 16, 16, 16, 16, 16, 16, 16, 16, 16, 16, 16, 16, 16, 16, 16, 16, 16, 16, 16, 16, 16, 16, 16, 16, 16, 16, 16, 16, 16, 16, 16, 16, 16, 16, 16, 16, 16, 16, 16, 16, 16, 16, 16, 16, 16, 16, 16, 16, 16, 16, 16, 16, 16, 16, 16, 16, 16, 16, 16, 16, 16, 16, 16, 16, 16, 16, 16, 16, 16, 16, 16, 16, 16, 16, 16, 16, 16, 16, 16, 16, 16, 16, 16, 16, 16, 16, 16, 16, 16, 16, 16, 16, 16, 16, 16, 16, 16, 16, 16, 16, 16, 16, 16, 16, 16, 16, 16, 16, 16, 16, 16, 16, 16, 16, 16, 16, 16, 16, 16, 16, 16, 16, 16, 16, 16, 16, 16, 16, 16, 16, 16, 16, 16, 16, 16, 16, 16, 16, 16, 16, 16, 16, 16, 16, 16, 16, 16, 16, 16, 16, 16, 16]]",4,1.5,-6.283404995398598,-5.139700517879499
results/short_seq_4mer_sigma1p5_subset.pkl,naive,4,50,-5.1000000000000005,0.1657142857142857,16,"[('CCTC', 'GAGG'), ('CCAC', 'GTGG'), ('ATGC', 'GCAT'), ('CTCC', 'GGAG'), ('GGAC', 'GTCC'), ('CGAG', 'CTCG'), ('CCAG', 'CTGG'), ('CGTA', 'TACG'), ('ACAC', 'GTGT'), ('CAGG', 'CCTG'), ('GACC', 'GGTC'), ('CGAA', 'TTCG'), ('GAGC', 'GCTC'), ('AACC', 'GGTT'), ('CGAC', 'GTCG'), ('CGGA', 'TCCG')]",,4,1.5,-6.283404995398598,-5.139700517879499
results/short_seq_4mer_sigma1p5_subset.pkl,vertex_cover,4,50,-5.1000000000000005,0.1657142857142857,16,"[('CAGG', 'CCTG'), ('GCTA', 'TAGC'), ('CCAG', 'CTGG'), ('CGAG', 'CTCG'), ('CGGA', 'TCCG'), ('CCTC', 'GAGG'), ('CGTC', 'GACG'), ('GACC', 'GGTC'), ('GCAA', 'TTGC'), ('ACAC', 'GTGT'), ('AACC', 'GGTT'), ('CGAA', 'TTCG'), ('CCAC', 'GTGG'), ('CGAC', 'GTCG'), ('GGAC', 'GTCC'), ('CTCC', 'GGAG')]","[[16, 16, 16, 16, 16, 16, 16, 16, 16, 16, 16, 16, 16, 16, 16, 16, 16, 16, 16, 16, 16, 16, 16, 16, 16, 16, 16, 16, 16, 16, 16, 16, 16, 16, 16, 16, 16, 16, 16, 16, 16, 16, 16, 16, 16, 16, 16, 16, 16, 16, 16, 16, 16, 16, 16, 16, 16, 16, 16, 16, 16, 16, 16, 16, 16, 16, 16, 16, 16, 16, 16, 16, 16, 16, 16, 16, 16, 16, 16, 16, 16, 16, 16, 16, 16, 16, 16, 16, 16, 16, 16, 16, 16, 16, 16, 16, 16, 16, 16, 16, 16, 16, 16, 16, 16, 16, 16, 16, 16, 16, 16, 16, 16, 16, 16, 16, 16, 16, 16, 16, 16, 16, 16, 16, 16, 16, 16, 16, 16, 16, 16, 16, 16, 16, 16, 16, 16, 16, 16, 16, 16, 16, 16, 16, 16, 16, 16, 16, 16, 16, 16, 16, 16, 16, 16, 16, 16, 16, 16, 16, 16, 16, 16, 16, 16, 16, 16, 16, 16, 16, 16, 16, 16, 16, 16, 16, 16, 16, 16, 16, 16, 16, 16, 16, 16, 16, 16, 16, 16, 16, 16, 16, 16, 16, 16, 16, 16, 16, 16, 16, 16, 16, 16, 16, 16, 16, 16, 16, 16, 16, 16, 16, 16, 16, 16, 16, 16, 16, 16, 16, 16, 16, 16, 16, 16, 16, 16, 16, 16, 16, 16, 16, 16, 16, 16, 16, 16, 16, 16, 16, 16, 16, 16, 16, 16, 16, 16, 16, 16, 16, 16, 16, 16, 16, 16, 16, 16, 16, 16, 16, 16, 16, 16, 16, 16, 16, 16, 16, 16, 16, 16, 16, 16, 16, 16, 16, 16, 16, 16, 16, 16, 16, 16, 16, 16, 16, 16, 16, 16, 16, 16, 16, 16, 16, 16, 16, 16, 16, 16, 16]]",4,1.5,-6.283404995398598,-5.139700517879499
results/short_seq_4mer_sigma1p5_subset.pkl,naive,0,50,-5.000000000000001,0.2016326530612245,9,"[('ACCA', 'TGGT'), ('CGAG', 'CTCG'), ('ACAC', 'GTGT'), ('CGAC', 'GTCG'), ('GAGC', 'GCTC'), ('ATGC', 'GCAT'), ('GGAC', 'GTCC'), ('CGTA', 'TACG'), ('CAGG', 'CCTG')]",,4,1.5,-6.283404995398598,-5.139700517879499
results/short_seq_4mer_sigma1p5_subset.pkl,vertex_cover,0,50,-5.000000000000001,0.2016326530612245,13,"[('CAGG', 'CCTG'), ('CGGA', 'TCCG'), ('CCAG', 'CTGG'), ('CGTA', 'TACG'), ('CCTC', 'GAGG'), ('GAGC', 'GCTC'), ('GCAA', 'TTGC'), ('AACC', 'GGTT'), ('CGAA', 'TTCG'), ('CGAC', 'GTCG'), ('GGAC', 'GTCC'), ('CACA', 'TGTG'), ('CTCC', 'GGAG')]","[[13, 13, 13, 13, 13, 13, 13, 13, 13, 13, 13, 13, 13, 13, 13, 13, 13, 13, 13, 13, 13, 13, 13, 13, 13, 13, 13, 13, 13, 13, 13, 13, 13, 13, 13, 13, 13, 13, 13, 13, 13, 13, 13, 13, 13, 13, 13, 13, 13, 13, 13, 13, 13, 13, 13, 13, 13, 13, 13, 13, 13, 13, 13, 13, 13, 13, 13, 13, 13, 13, 13, 13, 13, 13, 13, 13, 13, 13, 13, 13, 13, 13, 13, 13, 13, 13, 13, 13, 13, 13, 13, 13, 13, 13, 13, 13, 13, 13, 13, 13, 13, 13, 13, 13, 13, 13, 13, 13, 13, 13, 13, 13, 13, 13, 13, 13, 13, 13, 13, 13, 13, 13, 13, 13, 13, 13, 13, 13, 13, 13, 13, 13, 13, 13, 13, 13, 13, 13, 13, 13, 13, 13, 13, 13, 13, 13, 13, 13, 13, 13, 13, 13, 13, 13, 13, 13, 13, 13, 13, 13, 13, 13, 13, 13, 13, 13, 13, 13, 13, 13, 13, 13, 13, 13, 13, 13, 13, 13, 13, 13, 13, 13, 13, 13, 13, 13, 13, 13, 13, 13, 13, 13, 13, 13, 13, 13, 13, 13, 13, 13, 13, 13, 13, 13, 13, 13, 13, 13, 13, 13, 13, 13, 13, 13, 13, 13, 13, 13, 13, 13, 13, 13, 13, 13, 13, 13, 13, 13, 13, 13, 13, 13, 13, 13, 13, 13, 13, 13, 13, 13, 13, 13, 13, 13, 13, 13, 13, 13, 13, 13, 13, 13, 13, 13, 13, 13, 13, 13, 13, 13, 13, 13, 13, 13, 13, 13, 13, 13, 13, 13, 13, 13, 13, 13, 13, 13, 13, 13, 13, 13, 13, 13, 13, 13, 13, 13, 13, 13, 13, 13, 13, 13, 13, 13, 13, 13, 13, 13, 13, 13]]",4,1.5,-6.283404995398598,-5.139700517879499
results/short_seq_4mer_sigma1p5_subset.pkl,naive,1,50,-5.000000000000001,0.2016326530612245,11,"[('CCCA', 'TGGG'), ('CACA', 'TGTG'), ('GCTA', 'TAGC'), ('ATCG', 'CGAT'), ('CAGG', 'CCTG'), ('GCAA', 'TTGC'), ('GGAC', 'GTCC'), ('GACC', 'GGTC'), ('CGTA', 'TACG'), ('CCTC', 'GAGG'), ('CTCC', 'GGAG')]",,4,1.5,-6.283404995398598,-5.139700517879499
results/short_seq_4mer_sigma1p5_subset.pkl,vertex_cover,1,50,-5.000000000000001,0.2016326530612245,13,"[('CAGG', 'CCTG'), ('CGGA', 'TCCG'), ('CCAG', 'CTGG'), ('CGAG', 'CTCG'), ('CCTC', 'GAGG'), ('AAGC', 'GCTT'), ('GACC', 'GGTC'), ('AACG', 'CGTT'), ('CCAC', 'GTGG'), ('CGAC', 'GTCG'), ('GGAC', 'GTCC'), ('CTCC', 'GGAG'), ('CTGC', 'GCAG')]","[[13, 13, 13, 13, 13, 13, 13, 13, 13, 13, 13, 13, 13, 13, 13, 13, 13, 13, 13, 13, 13, 13, 13, 13, 13, 13, 13, 13, 13, 13, 13, 13, 13, 13, 13, 13, 13, 13, 13, 13, 13, 13, 13, 13, 13, 13, 13, 13, 13, 13, 13, 13, 13, 13, 13, 13, 13, 13, 13, 13, 13, 13, 13, 13, 13, 13, 13, 13, 13, 13, 13, 13, 13, 13, 13, 13, 13, 13, 13, 13, 13, 13, 13, 13, 13, 13, 13, 13, 13, 13, 13, 13, 13, 13, 13, 13, 13, 13, 13, 13, 13, 13, 13, 13, 13, 13, 13, 13, 13, 13, 13, 13, 13, 13, 13, 13, 13, 13, 13, 13, 13, 13, 13, 13, 13, 13, 13, 13, 13, 13, 13, 13, 13, 13, 13, 13, 13, 13, 13, 13, 13, 13, 13, 13, 13, 13, 13, 13, 13, 13, 13, 13, 13, 13, 13, 13, 13, 13, 13, 13, 13, 13, 13, 13, 13, 13, 13, 13, 13, 13, 13, 13, 13, 13, 13, 13, 13, 13, 13, 13, 13, 13, 13, 13, 13, 13, 13, 13, 13, 13, 13, 13, 13, 13, 13, 13, 13, 13, 13, 13, 13, 13, 13, 13, 13, 13, 13, 13, 13, 13, 13, 13, 13, 13, 13, 13, 13, 13, 13, 13, 13, 13, 13, 13, 13, 13, 13, 13, 13, 13, 13, 13, 13, 13, 13, 13, 13, 13, 13, 13, 13, 13, 13, 13, 13, 13, 13, 13, 13, 13, 13, 13, 13, 13, 13, 13, 13, 13, 13, 13, 13, 13, 13, 13, 13, 13, 13, 13, 13, 13, 13, 13, 13, 13, 13, 13, 13, 13, 13, 13, 13, 13, 13, 13, 13, 13, 13, 13, 13, 13, 13, 13, 13, 13, 13, 13, 13, 13, 13, 13]]",4,1.5,-6.283404995398598,-5.139700517879499
results/short_seq_4mer_sigma1p5_subset.pkl,naive,2,50,-5.000000000000001,0.2016326530612245,12,"[('CGTC', 'GACG'), ('GCTA', 'TAGC'), ('ACCG', 'CGGT'), ('GGAC', 'GTCC'), ('CGAG', 'CTCG'), ('CTGC', 'GCAG'), ('CCAC', 'GTGG'), ('CCAG', 'CTGG'), ('CCTC', 'GAGG'), ('CTCC', 'GGAG'), ('CGAC', 'GTCG'), ('CAGG', 'CCTG')]",,4,1.5,-6.283404995398598,-5.139700517879499
results/short_seq_4mer_sigma1p5_subset.pkl,vertex_cover,2,50,-5.000000000000001,0.2016326530612245,13,"[('CAGG', 'CCTG'), ('CGGA', 'TCCG'), ('CCAG', 'CTGG'), ('CGAG', 'CTCG'), ('CGTA', 'TACG'), ('CCTC', 'GAGG'), ('AAGC', 'GCTT'), ('GACC', 'GGTC'), ('GCAA', 'TTGC'), ('CGAC', 'GTCG'), ('GGAC', 'GTCC'), ('CACA', 'TGTG'), ('CTCC', 'GGAG')]","[[13, 13, 13, 13, 13, 13, 13, 13, 13, 13, 13, 13, 13, 13, 13, 13, 13, 13, 13, 13, 13, 13, 13, 13, 13, 13, 13, 13, 13, 13, 13, 13, 13, 13, 13, 13, 13, 13, 13, 13, 13, 13, 13, 13, 13, 13, 13, 13, 13, 13, 13, 13, 13, 13, 13, 13, 13, 13, 13, 13, 13, 13, 13, 13, 13, 13, 13, 13, 13, 13, 13, 13, 13, 13, 13, 13, 13, 13, 13, 13, 13, 13, 13, 13, 13, 13, 13, 13, 13, 13, 13, 13, 13, 13, 13, 13, 13, 13, 13, 13, 13, 13, 13, 13, 13, 13, 13, 13, 13, 13, 13, 13, 13, 13, 13, 13, 13, 13, 13, 13, 13, 13, 13, 13, 13, 13, 13, 13, 13, 13, 13, 13, 13, 13, 13, 13, 13, 13, 13, 13, 13, 13, 13, 13, 13, 13, 13, 13, 13, 13, 13, 13, 13, 13, 13, 13, 13, 13, 13, 13, 13, 13, 13, 13, 13, 13, 13, 13, 13, 13, 13, 13, 13, 13, 13, 13, 13, 13, 13, 13, 13, 13, 13, 13, 13, 13, 13, 13, 13, 13, 13, 13, 13, 13, 13, 13, 13, 13, 13, 13, 13, 13, 13, 13, 13, 13, 13, 13, 13, 13, 13, 13, 13, 13, 13, 13, 13, 13, 13, 13, 13, 13, 13, 13, 13, 13, 13, 13, 13, 13, 13, 13, 13, 13, 13, 13, 13, 13, 13, 13, 13, 13, 13, 13, 13, 13, 13, 13, 13, 13, 13, 13, 13, 13, 13, 13, 13, 13, 13, 13, 13, 13, 13, 13, 13, 13, 13, 13, 13, 13, 13, 13, 13, 13, 13, 13, 13, 13, 13, 13, 13, 13, 13, 13, 13, 13, 13, 13, 13, 13, 13, 13, 13, 13, 13, 13, 13, 13, 13, 13]]",4,1.5,-6.283404995398598,-5.139700517879499
results/short_seq_4mer_sigma1p5_subset.pkl,naive,3,50,-5.000000000000001,0.2016326530612245,12,"[('ACCG', 'CGGT'), ('CGAC', 'GTCG'), ('GCAC', 'GTGC'), ('GGAC', 'GTCC'), ('CTCC', 'GGAG'), ('CGTA', 'TACG'), ('CGAG', 'CTCG'), ('CCAG', 'CTGG'), ('GCTA', 'TAGC'), ('CCTC', 'GAGG'), ('CCAC', 'GTGG'), ('CAGG', 'CCTG')]",,4,1.5,-6.283404995398598,-5.139700517879499
results/short_seq_4mer_sigma1p5_subset.pkl,vertex_cover,3,50,-5.000000000000001,0.2016326530612245,13,"[('CAGG', 'CCTG'), ('CGGA', 'TCCG'), ('CCAG', 'CTGG'), ('CCTC', 'GAGG'), ('GAGC', 'GCTC'), ('CGTC', 'GACG'), ('GACC', 'GGTC'), ('CGAA', 'TTCG'), ('ACAC', 'GTGT'), ('CGAC', 'GTCG'), ('GGAC', 'GTCC'), ('CTCC', 'GGAG'), ('ATGC', 'GCAT')]","[[13, 13, 13, 13, 13, 13, 13, 13, 13, 13, 13, 13, 13, 13, 13, 13, 13, 13, 13, 13, 13, 13, 13, 13, 13, 13, 13, 13, 13, 13, 13, 13, 13, 13, 13, 13, 13, 13, 13, 13, 13, 13, 13, 13, 13, 13, 13, 13, 13, 13, 13, 13, 13, 13, 13, 13, 13, 13, 13, 13, 13, 13, 13, 13, 13, 13, 13, 13, 13, 13, 13, 13, 13, 13, 13, 13, 13, 13, 13, 13, 13, 13, 13, 13, 13, 13, 13, 13, 13, 13, 13, 13, 13, 13, 13, 13, 13, 13, 13, 13, 13, 13, 13, 13, 13, 13, 13, 13, 13, 13, 13, 13, 13, 13, 13, 13, 13, 13, 13, 13, 13, 13, 13, 13, 13, 13, 13, 13, 13, 13, 13, 13, 13, 13, 13, 13, 13, 13, 13, 13, 13, 13, 13, 13, 13, 13, 13, 13, 13, 13, 13, 13, 13, 13, 13, 13, 13, 13, 13, 13, 13, 13, 13, 13, 13, 13, 13, 13, 13, 13, 13, 13, 13, 13, 13, 13, 13, 13, 13, 13, 13, 13, 13, 13, 13, 13, 13, 13, 13, 13, 13, 13, 13, 13, 13, 13, 13, 13, 13, 13, 13, 13, 13, 13, 13, 13, 13, 13, 13, 13, 13, 13, 13, 13, 13, 13, 13, 13, 13, 13, 13, 13, 13, 13, 13, 13, 13, 13, 13, 13, 13, 13, 13, 13, 13, 13, 13, 13, 13, 13, 13, 13, 13, 13, 13, 13, 13, 13, 13, 13, 13, 13, 13, 13, 13, 13, 13, 13, 13, 13, 13, 13, 13, 13, 13, 13, 13, 13, 13, 13, 13, 13, 13, 13, 13, 13, 13, 13, 13, 13, 13, 13, 13, 13, 13, 13, 13, 13, 13, 13, 13, 13, 13, 13, 13, 13, 13, 13, 13, 13]]",4,1.5,-6.283404995398598,-5.139700517879499
results/short_seq_4mer_sigma1p5_subset.pkl,naive,4,50,-5.000000000000001,0.2016326530612245,13,"[('CCTC', 'GAGG'), ('CCAC', 'GTGG'), ('ATGC', 'GCAT'), ('CTCC', 'GGAG'), ('GGAC', 'GTCC'), ('CGAG', 'CTCG'), ('CCAG', 'CTGG'), ('CGTA', 'TACG'), ('CAGG', 'CCTG'), ('GACC', 'GGTC'), ('GAGC', 'GCTC'), ('CGAC', 'GTCG'), ('CGGA', 'TCCG')]",,4,1.5,-6.283404995398598,-5.139700517879499
results/short_seq_4mer_sigma1p5_subset.pkl,vertex_cover,4,50,-5.000000000000001,0.2016326530612245,13,"[('CAGG', 'CCTG'), ('CGGA', 'TCCG'), ('CCAG', 'CTGG'), ('CCTC', 'GAGG'), ('GAGC', 'GCTC'), ('CGTC', 'GACG'), ('CGAA', 'TTCG'), ('AACC', 'GGTT'), ('CGAC', 'GTCG'), ('GGAC', 'GTCC'), ('CACA', 'TGTG'), ('CTCC', 'GGAG'), ('CTGC', 'GCAG')]","[[13, 13, 13, 13, 13, 13, 13, 13, 13, 13, 13, 13, 13, 13, 13, 13, 13, 13, 13, 13, 13, 13, 13, 13, 13, 13, 13, 13, 13, 13, 13, 13, 13, 13, 13, 13, 13, 13, 13, 13, 13, 13, 13, 13, 13, 13, 13, 13, 13, 13, 13, 13, 13, 13, 13, 13, 13, 13, 13, 13, 13, 13, 13, 13, 13, 13, 13, 13, 13, 13, 13, 13, 13, 13, 13, 13, 13, 13, 13, 13, 13, 13, 13, 13, 13, 13, 13, 13, 13, 13, 13, 13, 13, 13, 13, 13, 13, 13, 13, 13, 13, 13, 13, 13, 13, 13, 13, 13, 13, 13, 13, 13, 13, 13, 13, 13, 13, 13, 13, 13, 13, 13, 13, 13, 13, 13, 13, 13, 13, 13, 13, 13, 13, 13, 13, 13, 13, 13, 13, 13, 13, 13, 13, 13, 13, 13, 13, 13, 13, 13, 13, 13, 13, 13, 13, 13, 13, 13, 13, 13, 13, 13, 13, 13, 13, 13, 13, 13, 13, 13, 13, 13, 13, 13, 13, 13, 13, 13, 13, 13, 13, 13, 13, 13, 13, 13, 13, 13, 13, 13, 13, 13, 13, 13, 13, 13, 13, 13, 13, 13, 13, 13, 13, 13, 13, 13, 13, 13, 13, 13, 13, 13, 13, 13, 13, 13, 13, 13, 13, 13, 13, 13, 13, 13, 13, 13, 13, 13, 13, 13, 13, 13, 13, 13, 13, 13, 13, 13, 13, 13, 13, 13, 13, 13, 13, 13, 13, 13, 13, 13, 13, 13, 13, 13, 13, 13, 13, 13, 13, 13, 13, 13, 13, 13, 13, 13, 13, 13, 13, 13, 13, 13, 13, 13, 13, 13, 13, 13, 13, 13, 13, 13, 13, 13, 13, 13, 13, 13, 13, 13, 13, 13, 13, 13, 13, 13, 13, 13, 13, 13]]",4,1.5,-6.283404995398598,-5.139700517879499
results/short_seq_4mer_sigma1p5_subset.pkl,naive,0,50,-4.9,0.23918367346938776,7,"[('ACCA', 'TGGT'), ('CGAG', 'CTCG'), ('ACAC', 'GTGT'), ('CGAC', 'GTCG'), ('GAGC', 'GCTC'), ('ATGC', 'GCAT'), ('CGTA', 'TACG')]",,4,1.5,-6.283404995398598,-5.139700517879499
results/short_seq_4mer_sigma1p5_subset.pkl,vertex_cover,0,50,-4.9,0.23918367346938776,11,"[('CGGA', 'TCCG'), ('CCAG', 'CTGG'), ('CGAG', 'CTCG'), ('CCTC', 'GAGG'), ('GAGC', 'GCTC'), ('GACC', 'GGTC'), ('AACG', 'CGTT'), ('ACAC', 'GTGT'), ('CGAC', 'GTCG'), ('GGAC', 'GTCC'), ('ATGC', 'GCAT')]","[[11, 11, 11, 11, 11, 11, 11, 11, 11, 11, 11, 11, 11, 11, 11, 11, 11, 11, 11, 11, 11, 11, 11, 11, 11, 11, 11, 11, 11, 11, 11, 11, 11, 11, 11, 11, 11, 11, 11, 11, 11, 11, 11, 11, 11, 11, 11, 11, 11, 11, 11, 11, 11, 11, 11, 11, 11, 11, 11, 11, 11, 11, 11, 11, 11, 11, 11, 11, 11, 11, 11, 11, 11, 11, 11, 11, 11, 11, 11, 11, 11, 11, 11, 11, 11, 11, 11, 11, 11, 11, 11, 11, 11, 11, 11, 11, 11, 11, 11, 11, 11, 11, 11, 11, 11, 11, 11, 11, 11, 11, 11, 11, 11, 11, 11, 11, 11, 11, 11, 11, 11, 11, 11, 11, 11, 11, 11, 11, 11, 11, 11, 11, 11, 11, 11, 11, 11, 11, 11, 11, 11, 11, 11, 11, 11, 11, 11, 11, 11, 11, 11, 11, 11, 11, 11, 11, 11, 11, 11, 11, 11, 11, 11, 11, 11, 11, 11, 11, 11, 11, 11, 11, 11, 11, 11, 11, 11, 11, 11, 11, 11, 11, 11, 11, 11, 11, 11, 11, 11, 11, 11, 11, 11, 11, 11, 11, 11, 11, 11, 11, 11, 11, 11, 11, 11, 11, 11, 11, 11, 11, 11, 11, 11, 11, 11, 11, 11, 11, 11, 11, 11, 11, 11, 11, 11, 11, 11, 11, 11, 11, 11, 11, 11, 11, 11, 11, 11, 11, 11, 11, 11, 11, 11, 11, 11, 11, 11, 11, 11, 11, 11, 11, 11, 11, 11, 11, 11, 11, 11, 11, 11, 11, 11, 11, 11, 11, 11, 11, 11, 11, 11, 11, 11, 11, 11, 11, 11, 11, 11, 11, 11, 11, 11, 11, 11, 11, 11, 11, 11, 11, 11, 11, 11, 11, 11, 11, 11, 11, 11, 11]]",4,1.5,-6.283404995398598,-5.139700517879499
results/short_seq_4mer_sigma1p5_subset.pkl,naive,1,50,-4.9,0.23918367346938776,7,"[('CCCA', 'TGGG'), ('CACA', 'TGTG'), ('GCTA', 'TAGC'), ('ATCG', 'CGAT'), ('CAGG', 'CCTG'), ('GCAA', 'TTGC'), ('CGTA', 'TACG')]",,4,1.5,-6.283404995398598,-5.139700517879499
results/short_seq_4mer_sigma1p5_subset.pkl,vertex_cover,1,50,-4.9,0.23918367346938776,11,"[('CGGA', 'TCCG'), ('CCAG', 'CTGG'), ('CGAG', 'CTCG'), ('CCTC', 'GAGG'), ('AAGC', 'GCTT'), ('GACC', 'GGTC'), ('AACG', 'CGTT'), ('CGAC', 'GTCG'), ('GGAC', 'GTCC'), ('CACA', 'TGTG'), ('ATGC', 'GCAT')]","[[11, 11, 11, 11, 11, 11, 11, 11, 11, 11, 11, 11, 11, 11, 11, 11, 11, 11, 11, 11, 11, 11, 11, 11, 11, 11, 11, 11, 11, 11, 11, 11, 11, 11, 11, 11, 11, 11, 11, 11, 11, 11, 11, 11, 11, 11, 11, 11, 11, 11, 11, 11, 11, 11, 11, 11, 11, 11, 11, 11, 11, 11, 11, 11, 11, 11, 11, 11, 11, 11, 11, 11, 11, 11, 11, 11, 11, 11, 11, 11, 11, 11, 11, 11, 11, 11, 11, 11, 11, 11, 11, 11, 11, 11, 11, 11, 11, 11, 11, 11, 11, 11, 11, 11, 11, 11, 11, 11, 11, 11, 11, 11, 11, 11, 11, 11, 11, 11, 11, 11, 11, 11, 11, 11, 11, 11, 11, 11, 11, 11, 11, 11, 11, 11, 11, 11, 11, 11, 11, 11, 11, 11, 11, 11, 11, 11, 11, 11, 11, 11, 11, 11, 11, 11, 11, 11, 11, 11, 11, 11, 11, 11, 11, 11, 11, 11, 11, 11, 11, 11, 11, 11, 11, 11, 11, 11, 11, 11, 11, 11, 11, 11, 11, 11, 11, 11, 11, 11, 11, 11, 11, 11, 11, 11, 11, 11, 11, 11, 11, 11, 11, 11, 11, 11, 11, 11, 11, 11, 11, 11, 11, 11, 11, 11, 11, 11, 11, 11, 11, 11, 11, 11, 11, 11, 11, 11, 11, 11, 11, 11, 11, 11, 11, 11, 11, 11, 11, 11, 11, 11, 11, 11, 11, 11, 11, 11, 11, 11, 11, 11, 11, 11, 11, 11, 11, 11, 11, 11, 11, 11, 11, 11, 11, 11, 11, 11, 11, 11, 11, 11, 11, 11, 11, 11, 11, 11, 11, 11, 11, 11, 11, 11, 11, 11, 11, 11, 11, 11, 11, 11, 11, 11, 11, 11, 11, 11, 11, 11, 11, 11]]",4,1.5,-6.283404995398598,-5.139700517879499
results/short_seq_4mer_sigma1p5_subset.pkl,naive,2,50,-4.9,0.23918367346938776,10,"[('CGTC', 'GACG'), ('GCTA', 'TAGC'), ('ACCG', 'CGGT'), ('GGAC', 'GTCC'), ('CGAG', 'CTCG'), ('CTGC', 'GCAG'), ('CCAC', 'GTGG'), ('CCAG', 'CTGG'), ('CCTC', 'GAGG'), ('CGAC', 'GTCG')]",,4,1.5,-6.283404995398598,-5.139700517879499
results/short_seq_4mer_sigma1p5_subset.pkl,vertex_cover,2,50,-4.9,0.23918367346938776,11,"[('CAGG', 'CCTG'), ('GCTA', 'TAGC'), ('CCAG', 'CTGG'), ('CGAG', 'CTCG'), ('CGGA', 'TCCG'), ('CGTC', 'GACG'), ('ACAC', 'GTGT'), ('AACC', 'GGTT'), ('CGAC', 'GTCG'), ('GGAC', 'GTCC'), ('CTGC', 'GCAG')]","[[11, 11, 11, 11, 11, 11, 11, 11, 11, 11, 11, 11, 11, 11, 11, 11, 11, 11, 11, 11, 11, 11, 11, 11, 11, 11, 11, 11, 11, 11, 11, 11, 11, 11, 11, 11, 11, 11, 11, 11, 11, 11, 11, 11, 11, 11, 11, 11, 11, 11, 11, 11, 11, 11, 11, 11, 11, 11, 11, 11, 11, 11, 11, 11, 11, 11, 11, 11, 11, 11, 11, 11, 11, 11, 11, 11, 11, 11, 11, 11, 11, 11, 11, 11, 11, 11, 11, 11, 11, 11, 11, 11, 11, 11, 11, 11, 11, 11, 11, 11, 11, 11, 11, 11, 11, 11, 11, 11, 11, 11, 11, 11, 11, 11, 11, 11, 11, 11, 11, 11, 11, 11, 11, 11, 11, 11, 11, 11, 11, 11, 11, 11, 11, 11, 11, 11, 11, 11, 11, 11, 11, 11, 11, 11, 11, 11, 11, 11, 11, 11, 11, 11, 11, 11, 11, 11, 11, 11, 11, 11, 11, 11, 11, 11, 11, 11, 11, 11, 11, 11, 11, 11, 11, 11, 11, 11, 11, 11, 11, 11, 11, 11, 11, 11, 11, 11, 11, 11, 11, 11, 11, 11, 11, 11, 11, 11, 11, 11, 11, 11, 11, 11, 11, 11, 11, 11, 11, 11, 11, 11, 11, 11, 11, 11, 11, 11, 11, 11, 11, 11, 11, 11, 11, 11, 11, 11, 11, 11, 11, 11, 11, 11, 11, 11, 11, 11, 11, 11, 11, 11, 11, 11, 11, 11, 11, 11, 11, 11, 11, 11, 11, 11, 11, 11, 11, 11, 11, 11, 11, 11, 11, 11, 11, 11, 11, 11, 11, 11, 11, 11, 11, 11, 11, 11, 11, 11, 11, 11, 11, 11, 11, 11, 11, 11, 11, 11, 11, 11, 11, 11, 11, 11, 11, 11, 11, 11, 11, 11, 11, 11]]",4,1.5,-6.283404995398598,-5.139700517879499
results/short_seq_4mer_sigma1p5_subset.pkl,naive,3,50,-4.9,0.23918367346938776,10,"[('ACCG', 'CGGT'), ('CGAC', 'GTCG'), ('GCAC', 'GTGC'), ('GGAC', 'GTCC'), ('CTCC', 'GGAG'), ('CGTA', 'TACG'), ('CGAG', 'CTCG'), ('CCAG', 'CTGG'), ('GCTA', 'TAGC'), ('CAGG', 'CCTG')]",,4,1.5,-6.283404995398598,-5.139700517879499
results/short_seq_4mer_sigma1p5_subset.pkl,vertex_cover,3,50,-4.9,0.23918367346938776,11,"[('CAGG', 'CCTG'), ('GCTA', 'TAGC'), ('CCAG', 'CTGG'), ('CGAG', 'CTCG'), ('AACG', 'CGTT'), ('AACC', 'GGTT'), ('CCAC', 'GTGG'), ('CGAC', 'GTCG'), ('GGAC', 'GTCC'), ('CTCC', 'GGAG'), ('CTGC', 'GCAG')]","[[11, 11, 11, 11, 11, 11, 11, 11, 11, 11, 11, 11, 11, 11, 11, 11, 11, 11, 11, 11, 11, 11, 11, 11, 11, 11, 11, 11, 11, 11, 11, 11, 11, 11, 11, 11, 11, 11, 11, 11, 11, 11, 11, 11, 11, 11, 11, 11, 11, 11, 11, 11, 11, 11, 11, 11, 11, 11, 11, 11, 11, 11, 11, 11, 11, 11, 11, 11, 11, 11, 11, 11, 11, 11, 11, 11, 11, 11, 11, 11, 11, 11, 11, 11, 11, 11, 11, 11, 11, 11, 11, 11, 11, 11, 11, 11, 11, 11, 11, 11, 11, 11, 11, 11, 11, 11, 11, 11, 11, 11, 11, 11, 11, 11, 11, 11, 11, 11, 11, 11, 11, 11, 11, 11, 11, 11, 11, 11, 11, 11, 11, 11, 11, 11, 11, 11, 11, 11, 11, 11, 11, 11, 11, 11, 11, 11, 11, 11, 11, 11, 11, 11, 11, 11, 11, 11, 11, 11, 11, 11, 11, 11, 11, 11, 11, 11, 11, 11, 11, 11, 11, 11, 11, 11, 11, 11, 11, 11, 11, 11, 11, 11, 11, 11, 11, 11, 11, 11, 11, 11, 11, 11, 11, 11, 11, 11, 11, 11, 11, 11, 11, 11, 11, 11, 11, 11, 11, 11, 11, 11, 11, 11, 11, 11, 11, 11, 11, 11, 11, 11, 11, 11, 11, 11, 11, 11, 11, 11, 11, 11, 11, 11, 11, 11, 11, 11, 11, 11, 11, 11, 11, 11, 11, 11, 11, 11, 11, 11, 11, 11, 11, 11, 11, 11, 11, 11, 11, 11, 11, 11, 11, 11, 11, 11, 11, 11, 11, 11, 11, 11, 11, 11, 11, 11, 11, 11, 11, 11, 11, 11, 11, 11, 11, 11, 11, 11, 11, 11, 11, 11, 11, 11, 11, 11, 11, 11, 11, 11, 11, 11]]",4,1.5,-6.283404995398598,-5.139700517879499
results/short_seq_4mer_sigma1p5_subset.pkl,naive,4,50,-4.9,0.23918367346938776,11,"[('CCTC', 'GAGG'), ('CCAC', 'GTGG'), ('ATGC', 'GCAT'), ('GGAC', 'GTCC'), ('CGAG', 'CTCG'), ('CCAG', 'CTGG'), ('CGTA', 'TACG'), ('GACC', 'GGTC'), ('GAGC', 'GCTC'), ('CGAC', 'GTCG'), ('CGGA', 'TCCG')]",,4,1.5,-6.283404995398598,-5.139700517879499
results/short_seq_4mer_sigma1p5_subset.pkl,vertex_cover,4,50,-4.9,0.23918367346938776,11,"[('CAGG', 'CCTG'), ('CGGA', 'TCCG'), ('CCAG', 'CTGG'), ('CGAG', 'CTCG'), ('CGTA', 'TACG'), ('AAGC', 'GCTT'), ('AACC', 'GGTT'), ('CCAC', 'GTGG'), ('CGAC', 'GTCG'), ('GGAC', 'GTCC'), ('CTGC', 'GCAG')]","[[11, 11, 11, 11, 11, 11, 11, 11, 11, 11, 11, 11, 11, 11, 11, 11, 11, 11, 11, 11, 11, 11, 11, 11, 11, 11, 11, 11, 11, 11, 11, 11, 11, 11, 11, 11, 11, 11, 11, 11, 11, 11, 11, 11, 11, 11, 11, 11, 11, 11, 11, 11, 11, 11, 11, 11, 11, 11, 11, 11, 11, 11, 11, 11, 11, 11, 11, 11, 11, 11, 11, 11, 11, 11, 11, 11, 11, 11, 11, 11, 11, 11, 11, 11, 11, 11, 11, 11, 11, 11, 11, 11, 11, 11, 11, 11, 11, 11, 11, 11, 11, 11, 11, 11, 11, 11, 11, 11, 11, 11, 11, 11, 11, 11, 11, 11, 11, 11, 11, 11, 11, 11, 11, 11, 11, 11, 11, 11, 11, 11, 11, 11, 11, 11, 11, 11, 11, 11, 11, 11, 11, 11, 11, 11, 11, 11, 11, 11, 11, 11, 11, 11, 11, 11, 11, 11, 11, 11, 11, 11, 11, 11, 11, 11, 11, 11, 11, 11, 11, 11, 11, 11, 11, 11, 11, 11, 11, 11, 11, 11, 11, 11, 11, 11, 11, 11, 11, 11, 11, 11, 11, 11, 11, 11, 11, 11, 11, 11, 11, 11, 11, 11, 11, 11, 11, 11, 11, 11, 11, 11, 11, 11, 11, 11, 11, 11, 11, 11, 11, 11, 11, 11, 11, 11, 11, 11, 11, 11, 11, 11, 11, 11, 11, 11, 11, 11, 11, 11, 11, 11, 11, 11, 11, 11, 11, 11, 11, 11, 11, 11, 11, 11, 11, 11, 11, 11, 11, 11, 11, 11, 11, 11, 11, 11, 11, 11, 11, 11, 11, 11, 11, 11, 11, 11, 11, 11, 11, 11, 11, 11, 11, 11, 11, 11, 11, 11, 11, 11, 11, 11, 11, 11, 11, 11, 11, 11, 11, 11, 11, 11]]",4,1.5,-6.283404995398598,-5.139700517879499
results/short_seq_4mer_sigma1p5_subset.pkl,naive,0,50,-4.800000000000001,0.28489795918367344,6,"[('ACCA', 'TGGT'), ('CGAG', 'CTCG'), ('ACAC', 'GTGT'), ('GAGC', 'GCTC'), ('ATGC', 'GCAT'), ('CGTA', 'TACG')]",,4,1.5,-6.283404995398598,-5.139700517879499
results/short_seq_4mer_sigma1p5_subset.pkl,vertex_cover,0,50,-4.800000000000001,0.28489795918367344,10,"[('GCTA', 'TAGC'), ('CCAG', 'CTGG'), ('AGGC', 'GCCT'), ('GCAA', 'TTGC'), ('AACG', 'CGTT'), ('AACC', 'GGTT'), ('CGAA', 'TTCG'), ('GGAC', 'GTCC'), ('CACA', 'TGTG'), ('CTCC', 'GGAG')]","[[10, 10, 10, 10, 10, 10, 10, 10, 10, 10, 10, 10, 10, 10, 10, 10, 10, 10, 10, 10, 10, 10, 10, 10, 10, 10, 10, 10, 10, 10, 10, 10, 10, 10, 10, 10, 10, 10, 10, 10, 10, 10, 10, 10, 10, 10, 10, 10, 10, 10, 10, 10, 10, 10, 10, 10, 10, 10, 10, 10, 10, 10, 10, 10, 10, 10, 10, 10, 10, 10, 10, 10, 10, 10, 10, 10, 10, 10, 10, 10, 10, 10, 10, 10, 10, 10, 10, 10, 10, 10, 10, 10, 10, 10, 10, 10, 10, 10, 10, 10, 10, 10, 10, 10, 10, 10, 10, 10, 10, 10, 10, 10, 10, 10, 10, 10, 10, 10, 10, 10, 10, 10, 10, 10, 10, 10, 10, 10, 10, 10, 10, 10, 10, 10, 10, 10, 10, 10, 10, 10, 10, 10, 10, 10, 10, 10, 10, 10, 10, 10, 10, 10, 10, 10, 10, 10, 10, 10, 10, 10, 10, 10, 10, 10, 10, 10, 10, 10, 10, 10, 10, 10, 10, 10, 10, 10, 10, 10, 10, 10, 10, 10, 10, 10, 10, 10, 10, 10, 10, 10, 10, 10, 10, 10, 10, 10, 10, 10, 10, 10, 10, 10, 10, 10, 10, 10, 10, 10, 10, 10, 10, 10, 10, 10, 10, 10, 10, 10, 10, 10, 10, 10, 10, 10, 10, 10, 10, 10, 10, 10, 10, 10, 10, 10, 10, 10, 10, 10, 10, 10, 10, 10, 10, 10, 10, 10, 10, 10, 10, 10, 10, 10, 10, 10, 10, 10, 10, 10, 10, 10, 10, 10, 10, 10, 10, 10, 10, 10, 10, 10, 10, 10, 10, 10, 10, 10, 10, 10, 10, 10, 10, 10, 10, 10, 10, 10, 10, 10, 10, 10, 10, 10, 10, 10, 10, 10, 10, 10, 10, 10]]",4,1.5,-6.283404995398598,-5.139700517879499
results/short_seq_4mer_sigma1p5_subset.pkl,naive,1,50,-4.800000000000001,0.28489795918367344,7,"[('CCCA', 'TGGG'), ('CACA', 'TGTG'), ('GCTA', 'TAGC'), ('ATCG', 'CGAT'), ('CAGG', 'CCTG'), ('GCAA', 'TTGC'), ('CGTA', 'TACG')]",,4,1.5,-6.283404995398598,-5.139700517879499
results/short_seq_4mer_sigma1p5_subset.pkl,vertex_cover,1,50,-4.800000000000001,0.28489795918367344,10,"[('CAGG', 'CCTG'), ('CCAG', 'CTGG'), ('AAGC', 'GCTT'), ('GACC', 'GGTC'), ('AACG', 'CGTT'), ('ACAC', 'GTGT'), ('GGAC', 'GTCC'), ('CTCC', 'GGAG'), ('ATGC', 'GCAT'), ('ATCG', 'CGAT')]","[[10, 10, 10, 10, 10, 10, 10, 10, 10, 10, 10, 10, 10, 10, 10, 10, 10, 10, 10, 10, 10, 10, 10, 10, 10, 10, 10, 10, 10, 10, 10, 10, 10, 10, 10, 10, 10, 10, 10, 10, 10, 10, 10, 10, 10, 10, 10, 10, 10, 10, 10, 10, 10, 10, 10, 10, 10, 10, 10, 10, 10, 10, 10, 10, 10, 10, 10, 10, 10, 10, 10, 10, 10, 10, 10, 10, 10, 10, 10, 10, 10, 10, 10, 10, 10, 10, 10, 10, 10, 10, 10, 10, 10, 10, 10, 10, 10, 10, 10, 10, 10, 10, 10, 10, 10, 10, 10, 10, 10, 10, 10, 10, 10, 10, 10, 10, 10, 10, 10, 10, 10, 10, 10, 10, 10, 10, 10, 10, 10, 10, 10, 10, 10, 10, 10, 10, 10, 10, 10, 10, 10, 10, 10, 10, 10, 10, 10, 10, 10, 10, 10, 10, 10, 10, 10, 10, 10, 10, 10, 10, 10, 10, 10, 10, 10, 10, 10, 10, 10, 10, 10, 10, 10, 10, 10, 10, 10, 10, 10, 10, 10, 10, 10, 10, 10, 10, 10, 10, 10, 10, 10, 10, 10, 10, 10, 10, 10, 10, 10, 10, 10, 10, 10, 10, 10, 10, 10, 10, 10, 10, 10, 10, 10, 10, 10, 10, 10, 10, 10, 10, 10, 10, 10, 10, 10, 10, 10, 10, 10, 10, 10, 10, 10, 10, 10, 10, 10, 10, 10, 10, 10, 10, 10, 10, 10, 10, 10, 10, 10, 10, 10, 10, 10, 10, 10, 10, 10, 10, 10, 10, 10, 10, 10, 10, 10, 10, 10, 10, 10, 10, 10, 10, 10, 10, 10, 10, 10, 10, 10, 10, 10, 10, 10, 10, 10, 10, 10, 10, 10, 10, 10, 10, 10, 10, 10, 10, 10, 10, 10, 10]]",4,1.5,-6.283404995398598,-5.139700517879499
results/short_seq_4mer_sigma1p5_subset.pkl,naive,2,50,-4.800000000000001,0.28489795918367344,8,"[('CGTC', 'GACG'), ('GCTA', 'TAGC'), ('ACCG', 'CGGT'), ('GGAC', 'GTCC'), ('CGAG', 'CTCG'), ('CTGC', 'GCAG'), ('ACAC', 'GTGT'), ('CTCC', 'GGAG')]",,4,1.5,-6.283404995398598,-5.139700517879499
results/short_seq_4mer_sigma1p5_subset.pkl,vertex_cover,2,50,-4.800000000000001,0.28489795918367344,10,"[('CAGG', 'CCTG'), ('GCTA', 'TAGC'), ('CCAG', 'CTGG'), ('CGAG', 'CTCG'), ('GACC', 'GGTC'), ('GCAA', 'TTGC'), ('AACG', 'CGTT'), ('GGAC', 'GTCC'), ('CACA', 'TGTG'), ('CTCC', 'GGAG')]","[[10, 10, 10, 10, 10, 10, 10, 10, 10, 10, 10, 10, 10, 10, 10, 10, 10, 10, 10, 10, 10, 10, 10, 10, 10, 10, 10, 10, 10, 10, 10, 10, 10, 10, 10, 10, 10, 10, 10, 10, 10, 10, 10, 10, 10, 10, 10, 10, 10, 10, 10, 10, 10, 10, 10, 10, 10, 10, 10, 10, 10, 10, 10, 10, 10, 10, 10, 10, 10, 10, 10, 10, 10, 10, 10, 10, 10, 10, 10, 10, 10, 10, 10, 10, 10, 10, 10, 10, 10, 10, 10, 10, 10, 10, 10, 10, 10, 10, 10, 10, 10, 10, 10, 10, 10, 10, 10, 10, 10, 10, 10, 10, 10, 10, 10, 10, 10, 10, 10, 10, 10, 10, 10, 10, 10, 10, 10, 10, 10, 10, 10, 10, 10, 10, 10, 10, 10, 10, 10, 10, 10, 10, 10, 10, 10, 10, 10, 10, 10, 10, 10, 10, 10, 10, 10, 10, 10, 10, 10, 10, 10, 10, 10, 10, 10, 10, 10, 10, 10, 10, 10, 10, 10, 10, 10, 10, 10, 10, 10, 10, 10, 10, 10, 10, 10, 10, 10, 10, 10, 10, 10, 10, 10, 10, 10, 10, 10, 10, 10, 10, 10, 10, 10, 10, 10, 10, 10, 10, 10, 10, 10, 10, 10, 10, 10, 10, 10, 10, 10, 10, 10, 10, 10, 10, 10, 10, 10, 10, 10, 10, 10, 10, 10, 10, 10, 10, 10, 10, 10, 10, 10, 10, 10, 10, 10, 10, 10, 10, 10, 10, 10, 10, 10, 10, 10, 10, 10, 10, 10, 10, 10, 10, 10, 10, 10, 10, 10, 10, 10, 10, 10, 10, 10, 10, 10, 10, 10, 10, 10, 10, 10, 10, 10, 10, 10, 10, 10, 10, 10, 10, 10, 10, 10, 10, 10, 10, 10, 10, 10, 10]]",4,1.5,-6.283404995398598,-5.139700517879499
results/short_seq_4mer_sigma1p5_subset.pkl,naive,3,50,-4.800000000000001,0.28489795918367344,7,"[('ACCG', 'CGGT'), ('CGAC', 'GTCG'), ('GCAC', 'GTGC'), ('GGAC', 'GTCC'), ('CTCC', 'GGAG'), ('CGTA', 'TACG'), ('GCTA', 'TAGC')]",,4,1.5,-6.283404995398598,-5.139700517879499
results/short_seq_4mer_sigma1p5_subset.pkl,vertex_cover,3,50,-4.800000000000001,0.28489795918367344,10,"[('CCAG', 'CTGG'), ('CGTA', 'TACG'), ('AGGC', 'GCCT'), ('AAGC', 'GCTT'), ('AACC', 'GGTT'), ('ACAC', 'GTGT'), ('GGAC', 'GTCC'), ('CTCC', 'GGAG'), ('ATGC', 'GCAT'), ('ATCG', 'CGAT')]","[[10, 10, 10, 10, 10, 10, 10, 10, 10, 10, 10, 10, 10, 10, 10, 10, 10, 10, 10, 10, 10, 10, 10, 10, 10, 10, 10, 10, 10, 10, 10, 10, 10, 10, 10, 10, 10, 10, 10, 10, 10, 10, 10, 10, 10, 10, 10, 10, 10, 10, 10, 10, 10, 10, 10, 10, 10, 10, 10, 10, 10, 10, 10, 10, 10, 10, 10, 10, 10, 10, 10, 10, 10, 10, 10, 10, 10, 10, 10, 10, 10, 10, 10, 10, 10, 10, 10, 10, 10, 10, 10, 10, 10, 10, 10, 10, 10, 10, 10, 10, 10, 10, 10, 10, 10, 10, 10, 10, 10, 10, 10, 10, 10, 10, 10, 10, 10, 10, 10, 10, 10, 10, 10, 10, 10, 10, 10, 10, 10, 10, 10, 10, 10, 10, 10, 10, 10, 10, 10, 10, 10, 10, 10, 10, 10, 10, 10, 10, 10, 10, 10, 10, 10, 10, 10, 10, 10, 10, 10, 10, 10, 10, 10, 10, 10, 10, 10, 10, 10, 10, 10, 10, 10, 10, 10, 10, 10, 10, 10, 10, 10, 10, 10, 10, 10, 10, 10, 10, 10, 10, 10, 10, 10, 10, 10, 10, 10, 10, 10, 10, 10, 10, 10, 10, 10, 10, 10, 10, 10, 10, 10, 10, 10, 10, 10, 10, 10, 10, 10, 10, 10, 10, 10, 10, 10, 10, 10, 10, 10, 10, 10, 10, 10, 10, 10, 10, 10, 10, 10, 10, 10, 10, 10, 10, 10, 10, 10, 10, 10, 10, 10, 10, 10, 10, 10, 10, 10, 10, 10, 10, 10, 10, 10, 10, 10, 10, 10, 10, 10, 10, 10, 10, 10, 10, 10, 10, 10, 10, 10, 10, 10, 10, 10, 10, 10, 10, 10, 10, 10, 10, 10, 10, 10, 10, 10, 10, 10, 10, 10, 10]]",4,1.5,-6.283404995398598,-5.139700517879499
results/short_seq_4mer_sigma1p5_subset.pkl,naive,4,50,-4.800000000000001,0.28489795918367344,8,"[('CCTC', 'GAGG'), ('CCAC', 'GTGG'), ('ATGC', 'GCAT'), ('GGAC', 'GTCC'), ('CGAG', 'CTCG'), ('CGTA', 'TACG'), ('GACC', 'GGTC'), ('CAGC', 'GCTG')]",,4,1.5,-6.283404995398598,-5.139700517879499
results/short_seq_4mer_sigma1p5_subset.pkl,vertex_cover,4,50,-4.800000000000001,0.28489795918367344,10,"[('CAGG', 'CCTG'), ('CCAG', 'CTGG'), ('AAGC', 'GCTT'), ('GCAA', 'TTGC'), ('AACG', 'CGTT'), ('AACC', 'GGTT'), ('GGAC', 'GTCC'), ('CACA', 'TGTG'), ('CTCC', 'GGAG'), ('ATCG', 'CGAT')]","[[10, 10, 10, 10, 10, 10, 10, 10, 10, 10, 10, 10, 10, 10, 10, 10, 10, 10, 10, 10, 10, 10, 10, 10, 10, 10, 10, 10, 10, 10, 10, 10, 10, 10, 10, 10, 10, 10, 10, 10, 10, 10, 10, 10, 10, 10, 10, 10, 10, 10, 10, 10, 10, 10, 10, 10, 10, 10, 10, 10, 10, 10, 10, 10, 10, 10, 10, 10, 10, 10, 10, 10, 10, 10, 10, 10, 10, 10, 10, 10, 10, 10, 10, 10, 10, 10, 10, 10, 10, 10, 10, 10, 10, 10, 10, 10, 10, 10, 10, 10, 10, 10, 10, 10, 10, 10, 10, 10, 10, 10, 10, 10, 10, 10, 10, 10, 10, 10, 10, 10, 10, 10, 10, 10, 10, 10, 10, 10, 10, 10, 10, 10, 10, 10, 10, 10, 10, 10, 10, 10, 10, 10, 10, 10, 10, 10, 10, 10, 10, 10, 10, 10, 10, 10, 10, 10, 10, 10, 10, 10, 10, 10, 10, 10, 10, 10, 10, 10, 10, 10, 10, 10, 10, 10, 10, 10, 10, 10, 10, 10, 10, 10, 10, 10, 10, 10, 10, 10, 10, 10, 10, 10, 10, 10, 10, 10, 10, 10, 10, 10, 10, 10, 10, 10, 10, 10, 10, 10, 10, 10, 10, 10, 10, 10, 10, 10, 10, 10, 10, 10, 10, 10, 10, 10, 10, 10, 10, 10, 10, 10, 10, 10, 10, 10, 10, 10, 10, 10, 10, 10, 10, 10, 10, 10, 10, 10, 10, 10, 10, 10, 10, 10, 10, 10, 10, 10, 10, 10, 10, 10, 10, 10, 10, 10, 10, 10, 10, 10, 10, 10, 10, 10, 10, 10, 10, 10, 10, 10, 10, 10, 10, 10, 10, 10, 10, 10, 10, 10, 10, 10, 10, 10, 10, 10, 10, 10, 10, 10, 10, 10]]",4,1.5,-6.283404995398598,-5.139700517879499
results/short_seq_4mer_sigma1p5_subset.pkl,naive,0,50,-4.7,0.31755102040816324,6,"[('ACCA', 'TGGT'), ('CGAG', 'CTCG'), ('ACAC', 'GTGT'), ('GAGC', 'GCTC'), ('ATGC', 'GCAT'), ('CGTA', 'TACG')]",,4,1.5,-6.283404995398598,-5.139700517879499
results/short_seq_4mer_sigma1p5_subset.pkl,vertex_cover,0,50,-4.7,0.31755102040816324,9,"[('GCTA', 'TAGC'), ('CCAG', 'CTGG'), ('CGAG', 'CTCG'), ('CCTC', 'GAGG'), ('AACG', 'CGTT'), ('AACC', 'GGTT'), ('GGAC', 'GTCC'), ('CACA', 'TGTG'), ('ATGC', 'GCAT')]","[[9, 9, 9, 9, 9, 9, 9, 9, 9, 9, 9, 9, 9, 9, 9, 9, 9, 9, 9, 9, 9, 9, 9, 9, 9, 9, 9, 9, 9, 9, 9, 9, 9, 9, 9, 9, 9, 9, 9, 9, 9, 9, 9, 9, 9, 9, 9, 9, 9, 9, 9, 9, 9, 9, 9, 9, 9, 9, 9, 9, 9, 9, 9, 9, 9, 9, 9, 9, 9, 9, 9, 9, 9, 9, 9, 9, 9, 9, 9, 9, 9, 9, 9, 9, 9, 9, 9, 9, 9, 9, 9, 9, 9, 9, 9, 9, 9, 9, 9, 9, 9, 9, 9, 9, 9, 9, 9, 9, 9, 9, 9, 9, 9, 9, 9, 9, 9, 9, 9, 9, 9, 9, 9, 9, 9, 9, 9, 9, 9, 9, 9, 9, 9, 9, 9, 9, 9, 9, 9, 9, 9, 9, 9, 9, 9, 9, 9, 9, 9, 9, 9, 9, 9, 9, 9, 9, 9, 9, 9, 9, 9, 9, 9, 9, 9, 9, 9, 9, 9, 9, 9, 9, 9, 9, 9, 9, 9, 9, 9, 9, 9, 9, 9, 9, 9, 9, 9, 9, 9, 9, 9, 9, 9, 9, 9, 9, 9, 9, 9, 9, 9, 9, 9, 9, 9, 9, 9, 9, 9, 9, 9, 9, 9, 9, 9, 9, 9, 9, 9, 9, 9, 9, 9, 9, 9, 9, 9, 9, 9, 9, 9, 9, 9, 9, 9, 9, 9, 9, 9, 9, 9, 9, 9, 9, 9, 9, 9, 9, 9, 9, 9, 9, 9, 9, 9, 9, 9, 9, 9, 9, 9, 9, 9, 9, 9, 9, 9, 9, 9, 9, 9, 9, 9, 9, 9, 9, 9, 9, 9, 9, 9, 9, 9, 9, 9, 9, 9, 9, 9, 9, 9, 9, 9, 9, 9, 9, 9, 9, 9, 9]]",4,1.5,-6.283404995398598,-5.139700517879499
results/short_seq_4mer_sigma1p5_subset.pkl,naive,1,50,-4.7,0.31755102040816324,6,"[('CCCA', 'TGGG'), ('CACA', 'TGTG'), ('GCTA', 'TAGC'), ('ATCG', 'CGAT'), ('GCAA', 'TTGC'), ('CGTA', 'TACG')]",,4,1.5,-6.283404995398598,-5.139700517879499
results/short_seq_4mer_sigma1p5_subset.pkl,vertex_cover,1,50,-4.7,0.31755102040816324,9,"[('CCAG', 'CTGG'), ('CGTA', 'TACG'), ('CCTC', 'GAGG'), ('AAGC', 'GCTT'), ('GCAA', 'TTGC'), ('AACC', 'GGTT'), ('GGAC', 'GTCC'), ('CACA', 'TGTG'), ('ATCG', 'CGAT')]","[[9, 9, 9, 9, 9, 9, 9, 9, 9, 9, 9, 9, 9, 9, 9, 9, 9, 9, 9, 9, 9, 9, 9, 9, 9, 9, 9, 9, 9, 9, 9, 9, 9, 9, 9, 9, 9, 9, 9, 9, 9, 9, 9, 9, 9, 9, 9, 9, 9, 9, 9, 9, 9, 9, 9, 9, 9, 9, 9, 9, 9, 9, 9, 9, 9, 9, 9, 9, 9, 9, 9, 9, 9, 9, 9, 9, 9, 9, 9, 9, 9, 9, 9, 9, 9, 9, 9, 9, 9, 9, 9, 9, 9, 9, 9, 9, 9, 9, 9, 9, 9, 9, 9, 9, 9, 9, 9, 9, 9, 9, 9, 9, 9, 9, 9, 9, 9, 9, 9, 9, 9, 9, 9, 9, 9, 9, 9, 9, 9, 9, 9, 9, 9, 9, 9, 9, 9, 9, 9, 9, 9, 9, 9, 9, 9, 9, 9, 9, 9, 9, 9, 9, 9, 9, 9, 9, 9, 9, 9, 9, 9, 9, 9, 9, 9, 9, 9, 9, 9, 9, 9, 9, 9, 9, 9, 9, 9, 9, 9, 9, 9, 9, 9, 9, 9, 9, 9, 9, 9, 9, 9, 9, 9, 9, 9, 9, 9, 9, 9, 9, 9, 9, 9, 9, 9, 9, 9, 9, 9, 9, 9, 9, 9, 9, 9, 9, 9, 9, 9, 9, 9, 9, 9, 9, 9, 9, 9, 9, 9, 9, 9, 9, 9, 9, 9, 9, 9, 9, 9, 9, 9, 9, 9, 9, 9, 9, 9, 9, 9, 9, 9, 9, 9, 9, 9, 9, 9, 9, 9, 9, 9, 9, 9, 9, 9, 9, 9, 9, 9, 9, 9, 9, 9, 9, 9, 9, 9, 9, 9, 9, 9, 9, 9, 9, 9, 9, 9, 9, 9, 9, 9, 9, 9, 9, 9, 9, 9, 9, 9, 9]]",4,1.5,-6.283404995398598,-5.139700517879499
results/short_seq_4mer_sigma1p5_subset.pkl,naive,2,50,-4.7,0.31755102040816324,7,"[('CGTC', 'GACG'), ('GCTA', 'TAGC'), ('ACCG', 'CGGT'), ('GGAC', 'GTCC'), ('CGAG', 'CTCG'), ('CTGC', 'GCAG'), ('ACAC', 'GTGT')]",,4,1.5,-6.283404995398598,-5.139700517879499
results/short_seq_4mer_sigma1p5_subset.pkl,vertex_cover,2,50,-4.7,0.31755102040816324,9,"[('GCTA', 'TAGC'), ('CCAG', 'CTGG'), ('CGAG', 'CTCG'), ('CGTA', 'TACG'), ('CCTC', 'GAGG'), ('GCAA', 'TTGC'), ('AACC', 'GGTT'), ('GGAC', 'GTCC'), ('CACA', 'TGTG')]","[[9, 9, 9, 9, 9, 9, 9, 9, 9, 9, 9, 9, 9, 9, 9, 9, 9, 9, 9, 9, 9, 9, 9, 9, 9, 9, 9, 9, 9, 9, 9, 9, 9, 9, 9, 9, 9, 9, 9, 9, 9, 9, 9, 9, 9, 9, 9, 9, 9, 9, 9, 9, 9, 9, 9, 9, 9, 9, 9, 9, 9, 9, 9, 9, 9, 9, 9, 9, 9, 9, 9, 9, 9, 9, 9, 9, 9, 9, 9, 9, 9, 9, 9, 9, 9, 9, 9, 9, 9, 9, 9, 9, 9, 9, 9, 9, 9, 9, 9, 9, 9, 9, 9, 9, 9, 9, 9, 9, 9, 9, 9, 9, 9, 9, 9, 9, 9, 9, 9, 9, 9, 9, 9, 9, 9, 9, 9, 9, 9, 9, 9, 9, 9, 9, 9, 9, 9, 9, 9, 9, 9, 9, 9, 9, 9, 9, 9, 9, 9, 9, 9, 9, 9, 9, 9, 9, 9, 9, 9, 9, 9, 9, 9, 9, 9, 9, 9, 9, 9, 9, 9, 9, 9, 9, 9, 9, 9, 9, 9, 9, 9, 9, 9, 9, 9, 9, 9, 9, 9, 9, 9, 9, 9, 9, 9, 9, 9, 9, 9, 9, 9, 9, 9, 9, 9, 9, 9, 9, 9, 9, 9, 9, 9, 9, 9, 9, 9, 9, 9, 9, 9, 9, 9, 9, 9, 9, 9, 9, 9, 9, 9, 9, 9, 9, 9, 9, 9, 9, 9, 9, 9, 9, 9, 9, 9, 9, 9, 9, 9, 9, 9, 9, 9, 9, 9, 9, 9, 9, 9, 9, 9, 9, 9, 9, 9, 9, 9, 9, 9, 9, 9, 9, 9, 9, 9, 9, 9, 9, 9, 9, 9, 9, 9, 9, 9, 9, 9, 9, 9, 9, 9, 9, 9, 9, 9, 9, 9, 9, 9, 9]]",4,1.5,-6.283404995398598,-5.139700517879499
results/short_seq_4mer_sigma1p5_subset.pkl,naive,3,50,-4.7,0.31755102040816324,6,"[('ACCG', 'CGGT'), ('CGAC', 'GTCG'), ('GCAC', 'GTGC'), ('GGAC', 'GTCC'), ('CGTA', 'TACG'), ('GCTA', 'TAGC')]",,4,1.5,-6.283404995398598,-5.139700517879499
results/short_seq_4mer_sigma1p5_subset.pkl,vertex_cover,3,50,-4.7,0.31755102040816324,9,"[('CCAG', 'CTGG'), ('CGAG', 'CTCG'), ('CCTC', 'GAGG'), ('AAGC', 'GCTT'), ('AACG', 'CGTT'), ('AACC', 'GGTT'), ('GGAC', 'GTCC'), ('CACA', 'TGTG'), ('ATGC', 'GCAT')]","[[9, 9, 9, 9, 9, 9, 9, 9, 9, 9, 9, 9, 9, 9, 9, 9, 9, 9, 9, 9, 9, 9, 9, 9, 9, 9, 9, 9, 9, 9, 9, 9, 9, 9, 9, 9, 9, 9, 9, 9, 9, 9, 9, 9, 9, 9, 9, 9, 9, 9, 9, 9, 9, 9, 9, 9, 9, 9, 9, 9, 9, 9, 9, 9, 9, 9, 9, 9, 9, 9, 9, 9, 9, 9, 9, 9, 9, 9, 9, 9, 9, 9, 9, 9, 9, 9, 9, 9, 9, 9, 9, 9, 9, 9, 9, 9, 9, 9, 9, 9, 9, 9, 9, 9, 9, 9, 9, 9, 9, 9, 9, 9, 9, 9, 9, 9, 9, 9, 9, 9, 9, 9, 9, 9, 9, 9, 9, 9, 9, 9, 9, 9, 9, 9, 9, 9, 9, 9, 9, 9, 9, 9, 9, 9, 9, 9, 9, 9, 9, 9, 9, 9, 9, 9, 9, 9, 9, 9, 9, 9, 9, 9, 9, 9, 9, 9, 9, 9, 9, 9, 9, 9, 9, 9, 9, 9, 9, 9, 9, 9, 9, 9, 9, 9, 9, 9, 9, 9, 9, 9, 9, 9, 9, 9, 9, 9, 9, 9, 9, 9, 9, 9, 9, 9, 9, 9, 9, 9, 9, 9, 9, 9, 9, 9, 9, 9, 9, 9, 9, 9, 9, 9, 9, 9, 9, 9, 9, 9, 9, 9, 9, 9, 9, 9, 9, 9, 9, 9, 9, 9, 9, 9, 9, 9, 9, 9, 9, 9, 9, 9, 9, 9, 9, 9, 9, 9, 9, 9, 9, 9, 9, 9, 9, 9, 9, 9, 9, 9, 9, 9, 9, 9, 9, 9, 9, 9, 9, 9, 9, 9, 9, 9, 9, 9, 9, 9, 9, 9, 9, 9, 9, 9, 9, 9, 9, 9, 9, 9, 9, 9]]",4,1.5,-6.283404995398598,-5.139700517879499
results/short_seq_4mer_sigma1p5_subset.pkl,naive,4,50,-4.7,0.31755102040816324,8,"[('CCTC', 'GAGG'), ('CCAC', 'GTGG'), ('ATGC', 'GCAT'), ('GGAC', 'GTCC'), ('CGAG', 'CTCG'), ('CGTA', 'TACG'), ('AACC', 'GGTT'), ('CAGC', 'GCTG')]",,4,1.5,-6.283404995398598,-5.139700517879499
results/short_seq_4mer_sigma1p5_subset.pkl,vertex_cover,4,50,-4.7,0.31755102040816324,9,"[('CCAG', 'CTGG'), ('CGAG', 'CTCG'), ('CGTA', 'TACG'), ('CCTC', 'GAGG'), ('AAGC', 'GCTT'), ('AACC', 'GGTT'), ('GGAC', 'GTCC'), ('CACA', 'TGTG'), ('ATGC', 'GCAT')]","[[9, 9, 9, 9, 9, 9, 9, 9, 9, 9, 9, 9, 9, 9, 9, 9, 9, 9, 9, 9, 9, 9, 9, 9, 9, 9, 9, 9, 9, 9, 9, 9, 9, 9, 9, 9, 9, 9, 9, 9, 9, 9, 9, 9, 9, 9, 9, 9, 9, 9, 9, 9, 9, 9, 9, 9, 9, 9, 9, 9, 9, 9, 9, 9, 9, 9, 9, 9, 9, 9, 9, 9, 9, 9, 9, 9, 9, 9, 9, 9, 9, 9, 9, 9, 9, 9, 9, 9, 9, 9, 9, 9, 9, 9, 9, 9, 9, 9, 9, 9, 9, 9, 9, 9, 9, 9, 9, 9, 9, 9, 9, 9, 9, 9, 9, 9, 9, 9, 9, 9, 9, 9, 9, 9, 9, 9, 9, 9, 9, 9, 9, 9, 9, 9, 9, 9, 9, 9, 9, 9, 9, 9, 9, 9, 9, 9, 9, 9, 9, 9, 9, 9, 9, 9, 9, 9, 9, 9, 9, 9, 9, 9, 9, 9, 9, 9, 9, 9, 9, 9, 9, 9, 9, 9, 9, 9, 9, 9, 9, 9, 9, 9, 9, 9, 9, 9, 9, 9, 9, 9, 9, 9, 9, 9, 9, 9, 9, 9, 9, 9, 9, 9, 9, 9, 9, 9, 9, 9, 9, 9, 9, 9, 9, 9, 9, 9, 9, 9, 9, 9, 9, 9, 9, 9, 9, 9, 9, 9, 9, 9, 9, 9, 9, 9, 9, 9, 9, 9, 9, 9, 9, 9, 9, 9, 9, 9, 9, 9, 9, 9, 9, 9, 9, 9, 9, 9, 9, 9, 9, 9, 9, 9, 9, 9, 9, 9, 9, 9, 9, 9, 9, 9, 9, 9, 9, 9, 9, 9, 9, 9, 9, 9, 9, 9, 9, 9, 9, 9, 9, 9, 9, 9, 9, 9, 9, 9, 9, 9, 9, 9]]",4,1.5,-6.283404995398598,-5.139700517879499
results/short_seq_4mer_sigma1p5_subset.pkl,naive,0,50,-4.6000000000000005,0.3420408163265306,6,"[('ACCA', 'TGGT'), ('CGAG', 'CTCG'), ('ACAC', 'GTGT'), ('CTGC', 'GCAG'), ('GCTA', 'TAGC'), ('CGTA', 'TACG')]",,4,1.5,-6.283404995398598,-5.139700517879499
results/short_seq_4mer_sigma1p5_subset.pkl,vertex_cover,0,50,-4.6000000000000005,0.3420408163265306,9,"[('CCAG', 'CTGG'), ('CGTA', 'TACG'), ('CCTC', 'GAGG'), ('AAGC', 'GCTT'), ('GCAA', 'TTGC'), ('ACAC', 'GTGT'), ('AACC', 'GGTT'), ('CGAA', 'TTCG'), ('GGAC', 'GTCC')]","[[9, 9, 9, 9, 9, 9, 9, 9, 9, 9, 9, 9, 9, 9, 9, 9, 9, 9, 9, 9, 9, 9, 9, 9, 9, 9, 9, 9, 9, 9, 9, 9, 9, 9, 9, 9, 9, 9, 9, 9, 9, 9, 9, 9, 9, 9, 9, 9, 9, 9, 9, 9, 9, 9, 9, 9, 9, 9, 9, 9, 9, 9, 9, 9, 9, 9, 9, 9, 9, 9, 9, 9, 9, 9, 9, 9, 9, 9, 9, 9, 9, 9, 9, 9, 9, 9, 9, 9, 9, 9, 9, 9, 9, 9, 9, 9, 9, 9, 9, 9, 9, 9, 9, 9, 9, 9, 9, 9, 9, 9, 9, 9, 9, 9, 9, 9, 9, 9, 9, 9, 9, 9, 9, 9, 9, 9, 9, 9, 9, 9, 9, 9, 9, 9, 9, 9, 9, 9, 9, 9, 9, 9, 9, 9, 9, 9, 9, 9, 9, 9, 9, 9, 9, 9, 9, 9, 9, 9, 9, 9, 9, 9, 9, 9, 9, 9, 9, 9, 9, 9, 9, 9, 9, 9, 9, 9, 9, 9, 9, 9, 9, 9, 9, 9, 9, 9, 9, 9, 9, 9, 9, 9, 9, 9, 9, 9, 9, 9, 9, 9, 9, 9, 9, 9, 9, 9, 9, 9, 9, 9, 9, 9, 9, 9, 9, 9, 9, 9, 9, 9, 9, 9, 9, 9, 9, 9, 9, 9, 9, 9, 9, 9, 9, 9, 9, 9, 9, 9, 9, 9, 9, 9, 9, 9, 9, 9, 9, 9, 9, 9, 9, 9, 9, 9, 9, 9, 9, 9, 9, 9, 9, 9, 9, 9, 9, 9, 9, 9, 9, 9, 9, 9, 9, 9, 9, 9, 9, 9, 9, 9, 9, 9, 9, 9, 9, 9, 9, 9, 9, 9, 9, 9, 9, 9, 9, 9, 9, 9, 9, 9]]",4,1.5,-6.283404995398598,-5.139700517879499
results/short_seq_4mer_sigma1p5_subset.pkl,naive,1,50,-4.6000000000000005,0.3420408163265306,6,"[('CCCA', 'TGGG'), ('CACA', 'TGTG'), ('GCTA', 'TAGC'), ('ATCG', 'CGAT'), ('GCAA', 'TTGC'), ('CGTC', 'GACG')]",,4,1.5,-6.283404995398598,-5.139700517879499
results/short_seq_4mer_sigma1p5_subset.pkl,vertex_cover,1,50,-4.6000000000000005,0.3420408163265306,9,"[('GCTA', 'TAGC'), ('CCAG', 'CTGG'), ('CGTA', 'TACG'), ('CCTC', 'GAGG'), ('GCAA', 'TTGC'), ('ACAC', 'GTGT'), ('AACC', 'GGTT'), ('GGAC', 'GTCC'), ('ATCG', 'CGAT')]","[[9, 9, 9, 9, 9, 9, 9, 9, 9, 9, 9, 9, 9, 9, 9, 9, 9, 9, 9, 9, 9, 9, 9, 9, 9, 9, 9, 9, 9, 9, 9, 9, 9, 9, 9, 9, 9, 9, 9, 9, 9, 9, 9, 9, 9, 9, 9, 9, 9, 9, 9, 9, 9, 9, 9, 9, 9, 9, 9, 9, 9, 9, 9, 9, 9, 9, 9, 9, 9, 9, 9, 9, 9, 9, 9, 9, 9, 9, 9, 9, 9, 9, 9, 9, 9, 9, 9, 9, 9, 9, 9, 9, 9, 9, 9, 9, 9, 9, 9, 9, 9, 9, 9, 9, 9, 9, 9, 9, 9, 9, 9, 9, 9, 9, 9, 9, 9, 9, 9, 9, 9, 9, 9, 9, 9, 9, 9, 9, 9, 9, 9, 9, 9, 9, 9, 9, 9, 9, 9, 9, 9, 9, 9, 9, 9, 9, 9, 9, 9, 9, 9, 9, 9, 9, 9, 9, 9, 9, 9, 9, 9, 9, 9, 9, 9, 9, 9, 9, 9, 9, 9, 9, 9, 9, 9, 9, 9, 9, 9, 9, 9, 9, 9, 9, 9, 9, 9, 9, 9, 9, 9, 9, 9, 9, 9, 9, 9, 9, 9, 9, 9, 9, 9, 9, 9, 9, 9, 9, 9, 9, 9, 9, 9, 9, 9, 9, 9, 9, 9, 9, 9, 9, 9, 9, 9, 9, 9, 9, 9, 9, 9, 9, 9, 9, 9, 9, 9, 9, 9, 9, 9, 9, 9, 9, 9, 9, 9, 9, 9, 9, 9, 9, 9, 9, 9, 9, 9, 9, 9, 9, 9, 9, 9, 9, 9, 9, 9, 9, 9, 9, 9, 9, 9, 9, 9, 9, 9, 9, 9, 9, 9, 9, 9, 9, 9, 9, 9, 9, 9, 9, 9, 9, 9, 9, 9, 9, 9, 9, 9, 9]]",4,1.5,-6.283404995398598,-5.139700517879499
results/short_seq_4mer_sigma1p5_subset.pkl,naive,2,50,-4.6000000000000005,0.3420408163265306,6,"[('CGTC', 'GACG'), ('GCTA', 'TAGC'), ('ACCG', 'CGGT'), ('CGAG', 'CTCG'), ('CTGC', 'GCAG'), ('ACAC', 'GTGT')]",,4,1.5,-6.283404995398598,-5.139700517879499
results/short_seq_4mer_sigma1p5_subset.pkl,vertex_cover,2,50,-4.6000000000000005,0.3420408163265306,9,"[('GCTA', 'TAGC'), ('CCAG', 'CTGG'), ('CGTA', 'TACG'), ('CCTC', 'GAGG'), ('GCAA', 'TTGC'), ('ACAC', 'GTGT'), ('AACC', 'GGTT'), ('CGAA', 'TTCG'), ('GGAC', 'GTCC')]","[[9, 9, 9, 9, 9, 9, 9, 9, 9, 9, 9, 9, 9, 9, 9, 9, 9, 9, 9, 9, 9, 9, 9, 9, 9, 9, 9, 9, 9, 9, 9, 9, 9, 9, 9, 9, 9, 9, 9, 9, 9, 9, 9, 9, 9, 9, 9, 9, 9, 9, 9, 9, 9, 9, 9, 9, 9, 9, 9, 9, 9, 9, 9, 9, 9, 9, 9, 9, 9, 9, 9, 9, 9, 9, 9, 9, 9, 9, 9, 9, 9, 9, 9, 9, 9, 9, 9, 9, 9, 9, 9, 9, 9, 9, 9, 9, 9, 9, 9, 9, 9, 9, 9, 9, 9, 9, 9, 9, 9, 9, 9, 9, 9, 9, 9, 9, 9, 9, 9, 9, 9, 9, 9, 9, 9, 9, 9, 9, 9, 9, 9, 9, 9, 9, 9, 9, 9, 9, 9, 9, 9, 9, 9, 9, 9, 9, 9, 9, 9, 9, 9, 9, 9, 9, 9, 9, 9, 9, 9, 9, 9, 9, 9, 9, 9, 9, 9, 9, 9, 9, 9, 9, 9, 9, 9, 9, 9, 9, 9, 9, 9, 9, 9, 9, 9, 9, 9, 9, 9, 9, 9, 9, 9, 9, 9, 9, 9, 9, 9, 9, 9, 9, 9, 9, 9, 9, 9, 9, 9, 9, 9, 9, 9, 9, 9, 9, 9, 9, 9, 9, 9, 9, 9, 9, 9, 9, 9, 9, 9, 9, 9, 9, 9, 9, 9, 9, 9, 9, 9, 9, 9, 9, 9, 9, 9, 9, 9, 9, 9, 9, 9, 9, 9, 9, 9, 9, 9, 9, 9, 9, 9, 9, 9, 9, 9, 9, 9, 9, 9, 9, 9, 9, 9, 9, 9, 9, 9, 9, 9, 9, 9, 9, 9, 9, 9, 9, 9, 9, 9, 9, 9, 9, 9, 9, 9, 9, 9, 9, 9, 9]]",4,1.5,-6.283404995398598,-5.139700517879499
results/short_seq_4mer_sigma1p5_subset.pkl,naive,3,50,-4.6000000000000005,0.3420408163265306,5,"[('ACCG', 'CGGT'), ('CGAC', 'GTCG'), ('GCAC', 'GTGC'), ('CGTA', 'TACG'), ('GCTA', 'TAGC')]",,4,1.5,-6.283404995398598,-5.139700517879499
results/short_seq_4mer_sigma1p5_subset.pkl,vertex_cover,3,50,-4.6000000000000005,0.3420408163265306,9,"[('GCTA', 'TAGC'), ('CCAG', 'CTGG'), ('CGTA', 'TACG'), ('CCTC', 'GAGG'), ('GCAA', 'TTGC'), ('ACAC', 'GTGT'), ('AACC', 'GGTT'), ('CGAA', 'TTCG'), ('GGAC', 'GTCC')]","[[9, 9, 9, 9, 9, 9, 9, 9, 9, 9, 9, 9, 9, 9, 9, 9, 9, 9, 9, 9, 9, 9, 9, 9, 9, 9, 9, 9, 9, 9, 9, 9, 9, 9, 9, 9, 9, 9, 9, 9, 9, 9, 9, 9, 9, 9, 9, 9, 9, 9, 9, 9, 9, 9, 9, 9, 9, 9, 9, 9, 9, 9, 9, 9, 9, 9, 9, 9, 9, 9, 9, 9, 9, 9, 9, 9, 9, 9, 9, 9, 9, 9, 9, 9, 9, 9, 9, 9, 9, 9, 9, 9, 9, 9, 9, 9, 9, 9, 9, 9, 9, 9, 9, 9, 9, 9, 9, 9, 9, 9, 9, 9, 9, 9, 9, 9, 9, 9, 9, 9, 9, 9, 9, 9, 9, 9, 9, 9, 9, 9, 9, 9, 9, 9, 9, 9, 9, 9, 9, 9, 9, 9, 9, 9, 9, 9, 9, 9, 9, 9, 9, 9, 9, 9, 9, 9, 9, 9, 9, 9, 9, 9, 9, 9, 9, 9, 9, 9, 9, 9, 9, 9, 9, 9, 9, 9, 9, 9, 9, 9, 9, 9, 9, 9, 9, 9, 9, 9, 9, 9, 9, 9, 9, 9, 9, 9, 9, 9, 9, 9, 9, 9, 9, 9, 9, 9, 9, 9, 9, 9, 9, 9, 9, 9, 9, 9, 9, 9, 9, 9, 9, 9, 9, 9, 9, 9, 9, 9, 9, 9, 9, 9, 9, 9, 9, 9, 9, 9, 9, 9, 9, 9, 9, 9, 9, 9, 9, 9, 9, 9, 9, 9, 9, 9, 9, 9, 9, 9, 9, 9, 9, 9, 9, 9, 9, 9, 9, 9, 9, 9, 9, 9, 9, 9, 9, 9, 9, 9, 9, 9, 9, 9, 9, 9, 9, 9, 9, 9, 9, 9, 9, 9, 9, 9, 9, 9, 9, 9, 9, 9]]",4,1.5,-6.283404995398598,-5.139700517879499
results/short_seq_4mer_sigma1p5_subset.pkl,naive,4,50,-4.6000000000000005,0.3420408163265306,8,"[('CCTC', 'GAGG'), ('CCAC', 'GTGG'), ('ATGC', 'GCAT'), ('GGAC', 'GTCC'), ('CGTA', 'TACG'), ('CGAA', 'TTCG'), ('AACC', 'GGTT'), ('CAGC', 'GCTG')]",,4,1.5,-6.283404995398598,-5.139700517879499
results/short_seq_4mer_sigma1p5_subset.pkl,vertex_cover,4,50,-4.6000000000000005,0.3420408163265306,9,"[('CCAG', 'CTGG'), ('CGTA', 'TACG'), ('CCTC', 'GAGG'), ('AAGC', 'GCTT'), ('GCAA', 'TTGC'), ('ACAC', 'GTGT'), ('AACC', 'GGTT'), ('CGAA', 'TTCG'), ('GGAC', 'GTCC')]","[[9, 9, 9, 9, 9, 9, 9, 9, 9, 9, 9, 9, 9, 9, 9, 9, 9, 9, 9, 9, 9, 9, 9, 9, 9, 9, 9, 9, 9, 9, 9, 9, 9, 9, 9, 9, 9, 9, 9, 9, 9, 9, 9, 9, 9, 9, 9, 9, 9, 9, 9, 9, 9, 9, 9, 9, 9, 9, 9, 9, 9, 9, 9, 9, 9, 9, 9, 9, 9, 9, 9, 9, 9, 9, 9, 9, 9, 9, 9, 9, 9, 9, 9, 9, 9, 9, 9, 9, 9, 9, 9, 9, 9, 9, 9, 9, 9, 9, 9, 9, 9, 9, 9, 9, 9, 9, 9, 9, 9, 9, 9, 9, 9, 9, 9, 9, 9, 9, 9, 9, 9, 9, 9, 9, 9, 9, 9, 9, 9, 9, 9, 9, 9, 9, 9, 9, 9, 9, 9, 9, 9, 9, 9, 9, 9, 9, 9, 9, 9, 9, 9, 9, 9, 9, 9, 9, 9, 9, 9, 9, 9, 9, 9, 9, 9, 9, 9, 9, 9, 9, 9, 9, 9, 9, 9, 9, 9, 9, 9, 9, 9, 9, 9, 9, 9, 9, 9, 9, 9, 9, 9, 9, 9, 9, 9, 9, 9, 9, 9, 9, 9, 9, 9, 9, 9, 9, 9, 9, 9, 9, 9, 9, 9, 9, 9, 9, 9, 9, 9, 9, 9, 9, 9, 9, 9, 9, 9, 9, 9, 9, 9, 9, 9, 9, 9, 9, 9, 9, 9, 9, 9, 9, 9, 9, 9, 9, 9, 9, 9, 9, 9, 9, 9, 9, 9, 9, 9, 9, 9, 9, 9, 9, 9, 9, 9, 9, 9, 9, 9, 9, 9, 9, 9, 9, 9, 9, 9, 9, 9, 9, 9, 9, 9, 9, 9, 9, 9, 9, 9, 9, 9, 9, 9, 9, 9, 9, 9, 9, 9, 9]]",4,1.5,-6.283404995398598,-5.139700517879499
results/short_seq_4mer_sigma1p5_subset.pkl,naive,0,50,-4.5,0.3795918367346939,5,"[('ACCA', 'TGGT'), ('CGAG', 'CTCG'), ('ACAC', 'GTGT'), ('CTGC', 'GCAG'), ('CGTA', 'TACG')]",,4,1.5,-6.283404995398598,-5.139700517879499
results/short_seq_4mer_sigma1p5_subset.pkl,vertex_cover,0,50,-4.5,0.3795918367346939,8,"[('CCAG', 'CTGG'), ('CGTA', 'TACG'), ('AAGC', 'GCTT'), ('GCAA', 'TTGC'), ('ACAC', 'GTGT'), ('AACC', 'GGTT'), ('CTCC', 'GGAG'), ('ATCG', 'CGAT')]","[[8, 8, 8, 8, 8, 8, 8, 8, 8, 8, 8, 8, 8, 8, 8, 8, 8, 8, 8, 8, 8, 8, 8, 8, 8, 8, 8, 8, 8, 8, 8, 8, 8, 8, 8, 8, 8, 8, 8, 8, 8, 8, 8, 8, 8, 8, 8, 8, 8, 8, 8, 8, 8, 8, 8, 8, 8, 8, 8, 8, 8, 8, 8, 8, 8, 8, 8, 8, 8, 8, 8, 8, 8, 8, 8, 8, 8, 8, 8, 8, 8, 8, 8, 8, 8, 8, 8, 8, 8, 8, 8, 8, 8, 8, 8, 8, 8, 8, 8, 8, 8, 8, 8, 8, 8, 8, 8, 8, 8, 8, 8, 8, 8, 8, 8, 8, 8, 8, 8, 8, 8, 8, 8, 8, 8, 8, 8, 8, 8, 8, 8, 8, 8, 8, 8, 8, 8, 8, 8, 8, 8, 8, 8, 8, 8, 8, 8, 8, 8, 8, 8, 8, 8, 8, 8, 8, 8, 8, 8, 8, 8, 8, 8, 8, 8, 8, 8, 8, 8, 8, 8, 8, 8, 8, 8, 8, 8, 8, 8, 8, 8, 8, 8, 8, 8, 8, 8, 8, 8, 8, 8, 8, 8, 8, 8, 8, 8, 8, 8, 8, 8, 8, 8, 8, 8, 8, 8, 8, 8, 8, 8, 8, 8, 8, 8, 8, 8, 8, 8, 8, 8, 8, 8, 8, 8, 8, 8, 8, 8, 8, 8, 8, 8, 8, 8, 8, 8, 8, 8, 8, 8, 8, 8, 8, 8, 8, 8, 8, 8, 8, 8, 8, 8, 8, 8, 8, 8, 8, 8, 8, 8, 8, 8, 8, 8, 8, 8, 8, 8, 8, 8, 8, 8, 8, 8, 8, 8, 8, 8, 8, 8, 8, 8, 8, 8, 8, 8, 8, 8, 8, 8, 8, 8, 8, 8, 8, 8, 8, 8, 8]]",4,1.5,-6.283404995398598,-5.139700517879499
results/short_seq_4mer_sigma1p5_subset.pkl,naive,1,50,-4.5,0.3795918367346939,5,"[('CCCA', 'TGGG'), ('CACA', 'TGTG'), ('GCTA', 'TAGC'), ('ATCG', 'CGAT'), ('GCAA', 'TTGC')]",,4,1.5,-6.283404995398598,-5.139700517879499
results/short_seq_4mer_sigma1p5_subset.pkl,vertex_cover,1,50,-4.5,0.3795918367346939,8,"[('CAGG', 'CCTG'), ('CGTA', 'TACG'), ('AAGC', 'GCTT'), ('GACC', 'GGTC'), ('GCAA', 'TTGC'), ('ACAC', 'GTGT'), ('CGAA', 'TTCG'), ('CTCC', 'GGAG')]","[[8, 8, 8, 8, 8, 8, 8, 8, 8, 8, 8, 8, 8, 8, 8, 8, 8, 8, 8, 8, 8, 8, 8, 8, 8, 8, 8, 8, 8, 8, 8, 8, 8, 8, 8, 8, 8, 8, 8, 8, 8, 8, 8, 8, 8, 8, 8, 8, 8, 8, 8, 8, 8, 8, 8, 8, 8, 8, 8, 8, 8, 8, 8, 8, 8, 8, 8, 8, 8, 8, 8, 8, 8, 8, 8, 8, 8, 8, 8, 8, 8, 8, 8, 8, 8, 8, 8, 8, 8, 8, 8, 8, 8, 8, 8, 8, 8, 8, 8, 8, 8, 8, 8, 8, 8, 8, 8, 8, 8, 8, 8, 8, 8, 8, 8, 8, 8, 8, 8, 8, 8, 8, 8, 8, 8, 8, 8, 8, 8, 8, 8, 8, 8, 8, 8, 8, 8, 8, 8, 8, 8, 8, 8, 8, 8, 8, 8, 8, 8, 8, 8, 8, 8, 8, 8, 8, 8, 8, 8, 8, 8, 8, 8, 8, 8, 8, 8, 8, 8, 8, 8, 8, 8, 8, 8, 8, 8, 8, 8, 8, 8, 8, 8, 8, 8, 8, 8, 8, 8, 8, 8, 8, 8, 8, 8, 8, 8, 8, 8, 8, 8, 8, 8, 8, 8, 8, 8, 8, 8, 8, 8, 8, 8, 8, 8, 8, 8, 8, 8, 8, 8, 8, 8, 8, 8, 8, 8, 8, 8, 8, 8, 8, 8, 8, 8, 8, 8, 8, 8, 8, 8, 8, 8, 8, 8, 8, 8, 8, 8, 8, 8, 8, 8, 8, 8, 8, 8, 8, 8, 8, 8, 8, 8, 8, 8, 8, 8, 8, 8, 8, 8, 8, 8, 8, 8, 8, 8, 8, 8, 8, 8, 8, 8, 8, 8, 8, 8, 8, 8, 8, 8, 8, 8, 8, 8, 8, 8, 8, 8, 8]]",4,1.5,-6.283404995398598,-5.139700517879499
results/short_seq_4mer_sigma1p5_subset.pkl,naive,2,50,-4.5,0.3795918367346939,5,"[('CGTC', 'GACG'), ('GCTA', 'TAGC'), ('AGGG', 'CCCT'), ('GCAA', 'TTGC'), ('ACAC', 'GTGT')]",,4,1.5,-6.283404995398598,-5.139700517879499
results/short_seq_4mer_sigma1p5_subset.pkl,vertex_cover,2,50,-4.5,0.3795918367346939,8,"[('CCAG', 'CTGG'), ('CGTA', 'TACG'), ('AAGC', 'GCTT'), ('GCAA', 'TTGC'), ('ACAC', 'GTGT'), ('AACC', 'GGTT'), ('CTCC', 'GGAG'), ('ATCG', 'CGAT')]","[[8, 8, 8, 8, 8, 8, 8, 8, 8, 8, 8, 8, 8, 8, 8, 8, 8, 8, 8, 8, 8, 8, 8, 8, 8, 8, 8, 8, 8, 8, 8, 8, 8, 8, 8, 8, 8, 8, 8, 8, 8, 8, 8, 8, 8, 8, 8, 8, 8, 8, 8, 8, 8, 8, 8, 8, 8, 8, 8, 8, 8, 8, 8, 8, 8, 8, 8, 8, 8, 8, 8, 8, 8, 8, 8, 8, 8, 8, 8, 8, 8, 8, 8, 8, 8, 8, 8, 8, 8, 8, 8, 8, 8, 8, 8, 8, 8, 8, 8, 8, 8, 8, 8, 8, 8, 8, 8, 8, 8, 8, 8, 8, 8, 8, 8, 8, 8, 8, 8, 8, 8, 8, 8, 8, 8, 8, 8, 8, 8, 8, 8, 8, 8, 8, 8, 8, 8, 8, 8, 8, 8, 8, 8, 8, 8, 8, 8, 8, 8, 8, 8, 8, 8, 8, 8, 8, 8, 8, 8, 8, 8, 8, 8, 8, 8, 8, 8, 8, 8, 8, 8, 8, 8, 8, 8, 8, 8, 8, 8, 8, 8, 8, 8, 8, 8, 8, 8, 8, 8, 8, 8, 8, 8, 8, 8, 8, 8, 8, 8, 8, 8, 8, 8, 8, 8, 8, 8, 8, 8, 8, 8, 8, 8, 8, 8, 8, 8, 8, 8, 8, 8, 8, 8, 8, 8, 8, 8, 8, 8, 8, 8, 8, 8, 8, 8, 8, 8, 8, 8, 8, 8, 8, 8, 8, 8, 8, 8, 8, 8, 8, 8, 8, 8, 8, 8, 8, 8, 8, 8, 8, 8, 8, 8, 8, 8, 8, 8, 8, 8, 8, 8, 8, 8, 8, 8, 8, 8, 8, 8, 8, 8, 8, 8, 8, 8, 8, 8, 8, 8, 8, 8, 8, 8, 8, 8, 8, 8, 8, 8, 8]]",4,1.5,-6.283404995398598,-5.139700517879499
results/short_seq_4mer_sigma1p5_subset.pkl,naive,3,50,-4.5,0.3795918367346939,4,"[('ACCG', 'CGGT'), ('GCAC', 'GTGC'), ('ATCG', 'CGAT'), ('GCTA', 'TAGC')]",,4,1.5,-6.283404995398598,-5.139700517879499
results/short_seq_4mer_sigma1p5_subset.pkl,vertex_cover,3,50,-4.5,0.3795918367346939,8,"[('CCAG', 'CTGG'), ('CGTA', 'TACG'), ('AAGC', 'GCTT'), ('GCAA', 'TTGC'), ('ACAC', 'GTGT'), ('AACC', 'GGTT'), ('CTCC', 'GGAG'), ('ATCG', 'CGAT')]","[[8, 8, 8, 8, 8, 8, 8, 8, 8, 8, 8, 8, 8, 8, 8, 8, 8, 8, 8, 8, 8, 8, 8, 8, 8, 8, 8, 8, 8, 8, 8, 8, 8, 8, 8, 8, 8, 8, 8, 8, 8, 8, 8, 8, 8, 8, 8, 8, 8, 8, 8, 8, 8, 8, 8, 8, 8, 8, 8, 8, 8, 8, 8, 8, 8, 8, 8, 8, 8, 8, 8, 8, 8, 8, 8, 8, 8, 8, 8, 8, 8, 8, 8, 8, 8, 8, 8, 8, 8, 8, 8, 8, 8, 8, 8, 8, 8, 8, 8, 8, 8, 8, 8, 8, 8, 8, 8, 8, 8, 8, 8, 8, 8, 8, 8, 8, 8, 8, 8, 8, 8, 8, 8, 8, 8, 8, 8, 8, 8, 8, 8, 8, 8, 8, 8, 8, 8, 8, 8, 8, 8, 8, 8, 8, 8, 8, 8, 8, 8, 8, 8, 8, 8, 8, 8, 8, 8, 8, 8, 8, 8, 8, 8, 8, 8, 8, 8, 8, 8, 8, 8, 8, 8, 8, 8, 8, 8, 8, 8, 8, 8, 8, 8, 8, 8, 8, 8, 8, 8, 8, 8, 8, 8, 8, 8, 8, 8, 8, 8, 8, 8, 8, 8, 8, 8, 8, 8, 8, 8, 8, 8, 8, 8, 8, 8, 8, 8, 8, 8, 8, 8, 8, 8, 8, 8, 8, 8, 8, 8, 8, 8, 8, 8, 8, 8, 8, 8, 8, 8, 8, 8, 8, 8, 8, 8, 8, 8, 8, 8, 8, 8, 8, 8, 8, 8, 8, 8, 8, 8, 8, 8, 8, 8, 8, 8, 8, 8, 8, 8, 8, 8, 8, 8, 8, 8, 8, 8, 8, 8, 8, 8, 8, 8, 8, 8, 8, 8, 8, 8, 8, 8, 8, 8, 8, 8, 8, 8, 8, 8, 8]]",4,1.5,-6.283404995398598,-5.139700517879499
results/short_seq_4mer_sigma1p5_subset.pkl,naive,4,50,-4.5,0.3795918367346939,5,"[('CCTC', 'GAGG'), ('CCAC', 'GTGG'), ('ATGC', 'GCAT'), ('CGTA', 'TACG'), ('CGAA', 'TTCG')]",,4,1.5,-6.283404995398598,-5.139700517879499
results/short_seq_4mer_sigma1p5_subset.pkl,vertex_cover,4,50,-4.5,0.3795918367346939,8,"[('CAGG', 'CCTG'), ('CGTA', 'TACG'), ('AAGC', 'GCTT'), ('GACC', 'GGTC'), ('GCAA', 'TTGC'), ('ACAC', 'GTGT'), ('CGAA', 'TTCG'), ('CTCC', 'GGAG')]","[[8, 8, 8, 8, 8, 8, 8, 8, 8, 8, 8, 8, 8, 8, 8, 8, 8, 8, 8, 8, 8, 8, 8, 8, 8, 8, 8, 8, 8, 8, 8, 8, 8, 8, 8, 8, 8, 8, 8, 8, 8, 8, 8, 8, 8, 8, 8, 8, 8, 8, 8, 8, 8, 8, 8, 8, 8, 8, 8, 8, 8, 8, 8, 8, 8, 8, 8, 8, 8, 8, 8, 8, 8, 8, 8, 8, 8, 8, 8, 8, 8, 8, 8, 8, 8, 8, 8, 8, 8, 8, 8, 8, 8, 8, 8, 8, 8, 8, 8, 8, 8, 8, 8, 8, 8, 8, 8, 8, 8, 8, 8, 8, 8, 8, 8, 8, 8, 8, 8, 8, 8, 8, 8, 8, 8, 8, 8, 8, 8, 8, 8, 8, 8, 8, 8, 8, 8, 8, 8, 8, 8, 8, 8, 8, 8, 8, 8, 8, 8, 8, 8, 8, 8, 8, 8, 8, 8, 8, 8, 8, 8, 8, 8, 8, 8, 8, 8, 8, 8, 8, 8, 8, 8, 8, 8, 8, 8, 8, 8, 8, 8, 8, 8, 8, 8, 8, 8, 8, 8, 8, 8, 8, 8, 8, 8, 8, 8, 8, 8, 8, 8, 8, 8, 8, 8, 8, 8, 8, 8, 8, 8, 8, 8, 8, 8, 8, 8, 8, 8, 8, 8, 8, 8, 8, 8, 8, 8, 8, 8, 8, 8, 8, 8, 8, 8, 8, 8, 8, 8, 8, 8, 8, 8, 8, 8, 8, 8, 8, 8, 8, 8, 8, 8, 8, 8, 8, 8, 8, 8, 8, 8, 8, 8, 8, 8, 8, 8, 8, 8, 8, 8, 8, 8, 8, 8, 8, 8, 8, 8, 8, 8, 8, 8, 8, 8, 8, 8, 8, 8, 8, 8, 8, 8, 8, 8, 8, 8, 8, 8, 8]]",4,1.5,-6.283404995398598,-5.139700517879499
results/short_seq_4mer_sigma1p5_subset.pkl,naive,0,50,-4.4,0.4253061224489796,3,"[('ACCA', 'TGGT'), ('CGAG', 'CTCG'), ('GCAC', 'GTGC')]",,4,1.5,-6.283404995398598,-5.139700517879499
results/short_seq_4mer_sigma1p5_subset.pkl,vertex_cover,0,50,-4.4,0.4253061224489796,5,"[('CACG', 'CGTG'), ('CCAG', 'CTGG'), ('CCTC', 'GAGG'), ('GACC', 'GGTC'), ('ATGC', 'GCAT')]","[[5, 5, 5, 5, 5, 5, 5, 5, 5, 5, 5, 5, 5, 5, 5, 5, 5, 5, 5, 5, 5, 5, 5, 5, 5, 5, 5, 5, 5, 5, 5, 5, 5, 5, 5, 5, 5, 5, 5, 5, 5, 5, 5, 5, 5, 5, 5, 5, 5, 5, 5, 5, 5, 5, 5, 5, 5, 5, 5, 5, 5, 5, 5, 5, 5, 5, 5, 5, 5, 5, 5, 5, 5, 5, 5, 5, 5, 5, 5, 5, 5, 5, 5, 5, 5, 5, 5, 5, 5, 5, 5, 5, 5, 5, 5, 5, 5, 5, 5, 5, 5, 5, 5, 5, 5, 5, 5, 5, 5, 5, 5, 5, 5, 5, 5, 5, 5, 5, 5, 5, 5, 5, 5, 5, 5, 5, 5, 5, 5, 5, 5, 5, 5, 5, 5, 5, 5, 5, 5, 5, 5, 5, 5, 5, 5, 5, 5, 5, 5, 5, 5, 5, 5, 5, 5, 5, 5, 5, 5, 5, 5, 5, 5, 5, 5, 5, 5, 5, 5, 5, 5, 5, 5, 5, 5, 5, 5, 5, 5, 5, 5, 5, 5, 5, 5, 5, 5, 5, 5, 5, 5, 5, 5, 5, 5, 5, 5, 5, 5, 5, 5, 5, 5, 5, 5, 5, 5, 5, 5, 5, 5, 5, 5, 5, 5, 5, 5, 5, 5, 5, 5, 5, 5, 5, 5, 5, 5, 5, 5, 5, 5, 5, 5, 5, 5, 5, 5, 5, 5, 5, 5, 5, 5, 5, 5, 5, 5, 5, 5, 5, 5, 5, 5, 5, 5, 5, 5, 5, 5, 5, 5, 5, 5, 5, 5, 5, 5, 5, 5, 5, 5, 5, 5, 5, 5, 5, 5, 5, 5, 5, 5, 5, 5, 5, 5, 5, 5, 5, 5, 5, 5, 5, 5, 5, 5, 5, 5, 5, 5, 5]]",4,1.5,-6.283404995398598,-5.139700517879499
results/short_seq_4mer_sigma1p5_subset.pkl,naive,1,50,-4.4,0.4253061224489796,4,"[('CCCA', 'TGGG'), ('CACA', 'TGTG'), ('GCTA', 'TAGC'), ('ATCG', 'CGAT')]",,4,1.5,-6.283404995398598,-5.139700517879499
results/short_seq_4mer_sigma1p5_subset.pkl,vertex_cover,1,50,-4.4,0.4253061224489796,5,"[('CAGG', 'CCTG'), ('CGAA', 'TTCG'), ('AACC', 'GGTT'), ('GGAC', 'GTCC'), ('ATGC', 'GCAT')]","[[5, 5, 5, 5, 5, 5, 5, 5, 5, 5, 5, 5, 5, 5, 5, 5, 5, 5, 5, 5, 5, 5, 5, 5, 5, 5, 5, 5, 5, 5, 5, 5, 5, 5, 5, 5, 5, 5, 5, 5, 5, 5, 5, 5, 5, 5, 5, 5, 5, 5, 5, 5, 5, 5, 5, 5, 5, 5, 5, 5, 5, 5, 5, 5, 5, 5, 5, 5, 5, 5, 5, 5, 5, 5, 5, 5, 5, 5, 5, 5, 5, 5, 5, 5, 5, 5, 5, 5, 5, 5, 5, 5, 5, 5, 5, 5, 5, 5, 5, 5, 5, 5, 5, 5, 5, 5, 5, 5, 5, 5, 5, 5, 5, 5, 5, 5, 5, 5, 5, 5, 5, 5, 5, 5, 5, 5, 5, 5, 5, 5, 5, 5, 5, 5, 5, 5, 5, 5, 5, 5, 5, 5, 5, 5, 5, 5, 5, 5, 5, 5, 5, 5, 5, 5, 5, 5, 5, 5, 5, 5, 5, 5, 5, 5, 5, 5, 5, 5, 5, 5, 5, 5, 5, 5, 5, 5, 5, 5, 5, 5, 5, 5, 5, 5, 5, 5, 5, 5, 5, 5, 5, 5, 5, 5, 5, 5, 5, 5, 5, 5, 5, 5, 5, 5, 5, 5, 5, 5, 5, 5, 5, 5, 5, 5, 5, 5, 5, 5, 5, 5, 5, 5, 5, 5, 5, 5, 5, 5, 5, 5, 5, 5, 5, 5, 5, 5, 5, 5, 5, 5, 5, 5, 5, 5, 5, 5, 5, 5, 5, 5, 5, 5, 5, 5, 5, 5, 5, 5, 5, 5, 5, 5, 5, 5, 5, 5, 5, 5, 5, 5, 5, 5, 5, 5, 5, 5, 5, 5, 5, 5, 5, 5, 5, 5, 5, 5, 5, 5, 5, 5, 5, 5, 5, 5, 5, 5, 5, 5, 5, 5]]",4,1.5,-6.283404995398598,-5.139700517879499
results/short_seq_4mer_sigma1p5_subset.pkl,naive,2,50,-4.4,0.4253061224489796,4,"[('CGTC', 'GACG'), ('GCTA', 'TAGC'), ('AGGG', 'CCCT'), ('ACAC', 'GTGT')]",,4,1.5,-6.283404995398598,-5.139700517879499
results/short_seq_4mer_sigma1p5_subset.pkl,vertex_cover,2,50,-4.4,0.4253061224489796,5,"[('CCTC', 'GAGG'), ('GACC', 'GGTC'), ('ACAC', 'GTGT'), ('CTGC', 'GCAG'), ('ATCG', 'CGAT')]","[[5, 5, 5, 5, 5, 5, 5, 5, 5, 5, 5, 5, 5, 5, 5, 5, 5, 5, 5, 5, 5, 5, 5, 5, 5, 5, 5, 5, 5, 5, 5, 5, 5, 5, 5, 5, 5, 5, 5, 5, 5, 5, 5, 5, 5, 5, 5, 5, 5, 5, 5, 5, 5, 5, 5, 5, 5, 5, 5, 5, 5, 5, 5, 5, 5, 5, 5, 5, 5, 5, 5, 5, 5, 5, 5, 5, 5, 5, 5, 5, 5, 5, 5, 5, 5, 5, 5, 5, 5, 5, 5, 5, 5, 5, 5, 5, 5, 5, 5, 5, 5, 5, 5, 5, 5, 5, 5, 5, 5, 5, 5, 5, 5, 5, 5, 5, 5, 5, 5, 5, 5, 5, 5, 5, 5, 5, 5, 5, 5, 5, 5, 5, 5, 5, 5, 5, 5, 5, 5, 5, 5, 5, 5, 5, 5, 5, 5, 5, 5, 5, 5, 5, 5, 5, 5, 5, 5, 5, 5, 5, 5, 5, 5, 5, 5, 5, 5, 5, 5, 5, 5, 5, 5, 5, 5, 5, 5, 5, 5, 5, 5, 5, 5, 5, 5, 5, 5, 5, 5, 5, 5, 5, 5, 5, 5, 5, 5, 5, 5, 5, 5, 5, 5, 5, 5, 5, 5, 5, 5, 5, 5, 5, 5, 5, 5, 5, 5, 5, 5, 5, 5, 5, 5, 5, 5, 5, 5, 5, 5, 5, 5, 5, 5, 5, 5, 5, 5, 5, 5, 5, 5, 5, 5, 5, 5, 5, 5, 5, 5, 5, 5, 5, 5, 5, 5, 5, 5, 5, 5, 5, 5, 5, 5, 5, 5, 5, 5, 5, 5, 5, 5, 5, 5, 5, 5, 5, 5, 5, 5, 5, 5, 5, 5, 5, 5, 5, 5, 5, 5, 5, 5, 5, 5, 5, 5, 5, 5, 5, 5, 5]]",4,1.5,-6.283404995398598,-5.139700517879499
results/short_seq_4mer_sigma1p5_subset.pkl,naive,3,50,-4.4,0.4253061224489796,3,"[('ACCG', 'CGGT'), ('GCAC', 'GTGC'), ('ATCG', 'CGAT')]",,4,1.5,-6.283404995398598,-5.139700517879499
results/short_seq_4mer_sigma1p5_subset.pkl,vertex_cover,3,50,-4.4,0.4253061224489796,5,"[('CACG', 'CGTG'), ('CCAG', 'CTGG'), ('CCTC', 'GAGG'), ('GACC', 'GGTC'), ('ATGC', 'GCAT')]","[[5, 5, 5, 5, 5, 5, 5, 5, 5, 5, 5, 5, 5, 5, 5, 5, 5, 5, 5, 5, 5, 5, 5, 5, 5, 5, 5, 5, 5, 5, 5, 5, 5, 5, 5, 5, 5, 5, 5, 5, 5, 5, 5, 5, 5, 5, 5, 5, 5, 5, 5, 5, 5, 5, 5, 5, 5, 5, 5, 5, 5, 5, 5, 5, 5, 5, 5, 5, 5, 5, 5, 5, 5, 5, 5, 5, 5, 5, 5, 5, 5, 5, 5, 5, 5, 5, 5, 5, 5, 5, 5, 5, 5, 5, 5, 5, 5, 5, 5, 5, 5, 5, 5, 5, 5, 5, 5, 5, 5, 5, 5, 5, 5, 5, 5, 5, 5, 5, 5, 5, 5, 5, 5, 5, 5, 5, 5, 5, 5, 5, 5, 5, 5, 5, 5, 5, 5, 5, 5, 5, 5, 5, 5, 5, 5, 5, 5, 5, 5, 5, 5, 5, 5, 5, 5, 5, 5, 5, 5, 5, 5, 5, 5, 5, 5, 5, 5, 5, 5, 5, 5, 5, 5, 5, 5, 5, 5, 5, 5, 5, 5, 5, 5, 5, 5, 5, 5, 5, 5, 5, 5, 5, 5, 5, 5, 5, 5, 5, 5, 5, 5, 5, 5, 5, 5, 5, 5, 5, 5, 5, 5, 5, 5, 5, 5, 5, 5, 5, 5, 5, 5, 5, 5, 5, 5, 5, 5, 5, 5, 5, 5, 5, 5, 5, 5, 5, 5, 5, 5, 5, 5, 5, 5, 5, 5, 5, 5, 5, 5, 5, 5, 5, 5, 5, 5, 5, 5, 5, 5, 5, 5, 5, 5, 5, 5, 5, 5, 5, 5, 5, 5, 5, 5, 5, 5, 5, 5, 5, 5, 5, 5, 5, 5, 5, 5, 5, 5, 5, 5, 5, 5, 5, 5, 5, 5, 5, 5, 5, 5, 5]]",4,1.5,-6.283404995398598,-5.139700517879499
results/short_seq_4mer_sigma1p5_subset.pkl,naive,4,50,-4.4,0.4253061224489796,3,"[('CCTC', 'GAGG'), ('CCAC', 'GTGG'), ('CGTA', 'TACG')]",,4,1.5,-6.283404995398598,-5.139700517879499
results/short_seq_4mer_sigma1p5_subset.pkl,vertex_cover,4,50,-4.4,0.4253061224489796,5,"[('CAGG', 'CCTG'), ('CGAG', 'CTCG'), ('AACC', 'GGTT'), ('GGAC', 'GTCC'), ('ATGC', 'GCAT')]","[[4, 4, 4, 5, 5, 5, 5, 5, 5, 5, 5, 5, 5, 5, 5, 5, 5, 5, 5, 5, 5, 5, 5, 5, 5, 5, 5, 5, 5, 5, 5, 5, 5, 5, 5, 5, 5, 5, 5, 5, 5, 5, 5, 5, 5, 5, 5, 5, 5, 5, 5, 5, 5, 5, 5, 5, 5, 5, 5, 5, 5, 5, 5, 5, 5, 5, 5, 5, 5, 5, 5, 5, 5, 5, 5, 5, 5, 5, 5, 5, 5, 5, 5, 5, 5, 5, 5, 5, 5, 5, 5, 5, 5, 5, 5, 5, 5, 5, 5, 5, 5, 5, 5, 5, 5, 5, 5, 5, 5, 5, 5, 5, 5, 5, 5, 5, 5, 5, 5, 5, 5, 5, 5, 5, 5, 5, 5, 5, 5, 5, 5, 5, 5, 5, 5, 5, 5, 5, 5, 5, 5, 5, 5, 5, 5, 5, 5, 5, 5, 5, 5, 5, 5, 5, 5, 5, 5, 5, 5, 5, 5, 5, 5, 5, 5, 5, 5, 5, 5, 5, 5, 5, 5, 5, 5, 5, 5, 5, 5, 5, 5, 5, 5, 5, 5, 5, 5, 5, 5, 5, 5, 5, 5, 5, 5, 5, 5, 5, 5, 5, 5, 5, 5, 5, 5, 5, 5, 5, 5, 5, 5, 5, 5, 5, 5, 5, 5, 5, 5, 5, 5, 5, 5, 5, 5, 5, 5, 5, 5, 5, 5, 5, 5, 5, 5, 5, 5, 5, 5, 5, 5, 5, 5, 5, 5, 5, 5, 5, 5, 5, 5, 5, 5, 5, 5, 5, 5, 5, 5, 5, 5, 5, 5, 5, 5, 5, 5, 5, 5, 5, 5, 5, 5, 5, 5, 5, 5, 5, 5, 5, 5, 5, 5, 5, 5, 5, 5, 5, 5, 5, 5, 5, 5, 5, 5, 5, 5, 5, 5, 5]]",4,1.5,-6.283404995398598,-5.139700517879499
results/short_seq_4mer_sigma1p5_subset.pkl,naive,0,50,-4.300000000000001,0.46122448979591835,3,"[('ACCA', 'TGGT'), ('CGAG', 'CTCG'), ('ATGC', 'GCAT')]",,4,1.5,-6.283404995398598,-5.139700517879499
results/short_seq_4mer_sigma1p5_subset.pkl,vertex_cover,0,50,-4.300000000000001,0.46122448979591835,4,"[('CTCC', 'GGAG'), ('AAGC', 'GCTT'), ('CGAA', 'TTCG'), ('ACAC', 'GTGT')]","[[4, 4, 4, 4, 4, 4, 4, 4, 4, 4, 4, 4, 4, 4, 4, 4, 4, 4, 4, 4, 4, 4, 4, 4, 4, 4, 4, 4, 4, 4, 4, 4, 4, 4, 4, 4, 4, 4, 4, 4, 4, 4, 4, 4, 4, 4, 4, 4, 4, 4, 4, 4, 4, 4, 4, 4, 4, 4, 4, 4, 4, 4, 4, 4, 4, 4, 4, 4, 4, 4, 4, 4, 4, 4, 4, 4, 4, 4, 4, 4, 4, 4, 4, 4, 4, 4, 4, 4, 4, 4, 4, 4, 4, 4, 4, 4, 4, 4, 4, 4, 4, 4, 4, 4, 4, 4, 4, 4, 4, 4, 4, 4, 4, 4, 4, 4, 4, 4, 4, 4, 4, 4, 4, 4, 4, 4, 4, 4, 4, 4, 4, 4, 4, 4, 4, 4, 4, 4, 4, 4, 4, 4, 4, 4, 4, 4, 4, 4, 4, 4, 4, 4, 4, 4, 4, 4, 4, 4, 4, 4, 4, 4, 4, 4, 4, 4, 4, 4, 4, 4, 4, 4, 4, 4, 4, 4, 4, 4, 4, 4, 4, 4, 4, 4, 4, 4, 4, 4, 4, 4, 4, 4, 4, 4, 4, 4, 4, 4, 4, 4, 4, 4, 4, 4, 4, 4, 4, 4, 4, 4, 4, 4, 4, 4, 4, 4, 4, 4, 4, 4, 4, 4, 4, 4, 4, 4, 4, 4, 4, 4, 4, 4, 4, 4, 4, 4, 4, 4, 4, 4, 4, 4, 4, 4, 4, 4, 4, 4, 4, 4, 4, 4, 4, 4, 4, 4, 4, 4, 4, 4, 4, 4, 4, 4, 4, 4, 4, 4, 4, 4, 4, 4, 4, 4, 4, 4, 4, 4, 4, 4, 4, 4, 4, 4, 4, 4, 4, 4, 4, 4, 4, 4, 4, 4, 4, 4, 4, 4, 4, 4]]",4,1.5,-6.283404995398598,-5.139700517879499
results/short_seq_4mer_sigma1p5_subset.pkl,naive,1,50,-4.300000000000001,0.46122448979591835,3,"[('CCCA', 'TGGG'), ('GCTA', 'TAGC'), ('ATCG', 'CGAT')]",,4,1.5,-6.283404995398598,-5.139700517879499
results/short_seq_4mer_sigma1p5_subset.pkl,vertex_cover,1,50,-4.300000000000001,0.46122448979591835,4,"[('GGAC', 'GTCC'), ('AAGC', 'GCTT'), ('CGAA', 'TTCG'), ('ACAC', 'GTGT')]","[[4, 4, 4, 4, 4, 4, 4, 4, 4, 4, 4, 4, 4, 4, 4, 4, 4, 4, 4, 4, 4, 4, 4, 4, 4, 4, 4, 4, 4, 4, 4, 4, 4, 4, 4, 4, 4, 4, 4, 4, 4, 4, 4, 4, 4, 4, 4, 4, 4, 4, 4, 4, 4, 4, 4, 4, 4, 4, 4, 4, 4, 4, 4, 4, 4, 4, 4, 4, 4, 4, 4, 4, 4, 4, 4, 4, 4, 4, 4, 4, 4, 4, 4, 4, 4, 4, 4, 4, 4, 4, 4, 4, 4, 4, 4, 4, 4, 4, 4, 4, 4, 4, 4, 4, 4, 4, 4, 4, 4, 4, 4, 4, 4, 4, 4, 4, 4, 4, 4, 4, 4, 4, 4, 4, 4, 4, 4, 4, 4, 4, 4, 4, 4, 4, 4, 4, 4, 4, 4, 4, 4, 4, 4, 4, 4, 4, 4, 4, 4, 4, 4, 4, 4, 4, 4, 4, 4, 4, 4, 4, 4, 4, 4, 4, 4, 4, 4, 4, 4, 4, 4, 4, 4, 4, 4, 4, 4, 4, 4, 4, 4, 4, 4, 4, 4, 4, 4, 4, 4, 4, 4, 4, 4, 4, 4, 4, 4, 4, 4, 4, 4, 4, 4, 4, 4, 4, 4, 4, 4, 4, 4, 4, 4, 4, 4, 4, 4, 4, 4, 4, 4, 4, 4, 4, 4, 4, 4, 4, 4, 4, 4, 4, 4, 4, 4, 4, 4, 4, 4, 4, 4, 4, 4, 4, 4, 4, 4, 4, 4, 4, 4, 4, 4, 4, 4, 4, 4, 4, 4, 4, 4, 4, 4, 4, 4, 4, 4, 4, 4, 4, 4, 4, 4, 4, 4, 4, 4, 4, 4, 4, 4, 4, 4, 4, 4, 4, 4, 4, 4, 4, 4, 4, 4, 4, 4, 4, 4, 4, 4, 4]]",4,1.5,-6.283404995398598,-5.139700517879499
results/short_seq_4mer_sigma1p5_subset.pkl,naive,2,50,-4.300000000000001,0.46122448979591835,3,"[('GCTA', 'TAGC'), ('ACCG', 'CGGT'), ('ACAC', 'GTGT')]",,4,1.5,-6.283404995398598,-5.139700517879499
results/short_seq_4mer_sigma1p5_subset.pkl,vertex_cover,2,50,-4.300000000000001,0.46122448979591835,4,"[('CACA', 'TGTG'), ('AAGC', 'GCTT'), ('CGAG', 'CTCG'), ('GGAC', 'GTCC')]","[[4, 4, 4, 4, 4, 4, 4, 4, 4, 4, 4, 4, 4, 4, 4, 4, 4, 4, 4, 4, 4, 4, 4, 4, 4, 4, 4, 4, 4, 4, 4, 4, 4, 4, 4, 4, 4, 4, 4, 4, 4, 4, 4, 4, 4, 4, 4, 4, 4, 4, 4, 4, 4, 4, 4, 4, 4, 4, 4, 4, 4, 4, 4, 4, 4, 4, 4, 4, 4, 4, 4, 4, 4, 4, 4, 4, 4, 4, 4, 4, 4, 4, 4, 4, 4, 4, 4, 4, 4, 4, 4, 4, 4, 4, 4, 4, 4, 4, 4, 4, 4, 4, 4, 4, 4, 4, 4, 4, 4, 4, 4, 4, 4, 4, 4, 4, 4, 4, 4, 4, 4, 4, 4, 4, 4, 4, 4, 4, 4, 4, 4, 4, 4, 4, 4, 4, 4, 4, 4, 4, 4, 4, 4, 4, 4, 4, 4, 4, 4, 4, 4, 4, 4, 4, 4, 4, 4, 4, 4, 4, 4, 4, 4, 4, 4, 4, 4, 4, 4, 4, 4, 4, 4, 4, 4, 4, 4, 4, 4, 4, 4, 4, 4, 4, 4, 4, 4, 4, 4, 4, 4, 4, 4, 4, 4, 4, 4, 4, 4, 4, 4, 4, 4, 4, 4, 4, 4, 4, 4, 4, 4, 4, 4, 4, 4, 4, 4, 4, 4, 4, 4, 4, 4, 4, 4, 4, 4, 4, 4, 4, 4, 4, 4, 4, 4, 4, 4, 4, 4, 4, 4, 4, 4, 4, 4, 4, 4, 4, 4, 4, 4, 4, 4, 4, 4, 4, 4, 4, 4, 4, 4, 4, 4, 4, 4, 4, 4, 4, 4, 4, 4, 4, 4, 4, 4, 4, 4, 4, 4, 4, 4, 4, 4, 4, 4, 4, 4, 4, 4, 4, 4, 4, 4, 4, 4, 4, 4, 4, 4, 4]]",4,1.5,-6.283404995398598,-5.139700517879499
results/short_seq_4mer_sigma1p5_subset.pkl,naive,3,50,-4.300000000000001,0.46122448979591835,2,"[('ACCG', 'CGGT'), ('GCAC', 'GTGC')]",,4,1.5,-6.283404995398598,-5.139700517879499
results/short_seq_4mer_sigma1p5_subset.pkl,vertex_cover,3,50,-4.300000000000001,0.46122448979591835,4,"[('CTCC', 'GGAG'), ('AAGC', 'GCTT'), ('CGAA', 'TTCG'), ('ACAC', 'GTGT')]","[[4, 4, 4, 4, 4, 4, 4, 4, 4, 4, 4, 4, 4, 4, 4, 4, 4, 4, 4, 4, 4, 4, 4, 4, 4, 4, 4, 4, 4, 4, 4, 4, 4, 4, 4, 4, 4, 4, 4, 4, 4, 4, 4, 4, 4, 4, 4, 4, 4, 4, 4, 4, 4, 4, 4, 4, 4, 4, 4, 4, 4, 4, 4, 4, 4, 4, 4, 4, 4, 4, 4, 4, 4, 4, 4, 4, 4, 4, 4, 4, 4, 4, 4, 4, 4, 4, 4, 4, 4, 4, 4, 4, 4, 4, 4, 4, 4, 4, 4, 4, 4, 4, 4, 4, 4, 4, 4, 4, 4, 4, 4, 4, 4, 4, 4, 4, 4, 4, 4, 4, 4, 4, 4, 4, 4, 4, 4, 4, 4, 4, 4, 4, 4, 4, 4, 4, 4, 4, 4, 4, 4, 4, 4, 4, 4, 4, 4, 4, 4, 4, 4, 4, 4, 4, 4, 4, 4, 4, 4, 4, 4, 4, 4, 4, 4, 4, 4, 4, 4, 4, 4, 4, 4, 4, 4, 4, 4, 4, 4, 4, 4, 4, 4, 4, 4, 4, 4, 4, 4, 4, 4, 4, 4, 4, 4, 4, 4, 4, 4, 4, 4, 4, 4, 4, 4, 4, 4, 4, 4, 4, 4, 4, 4, 4, 4, 4, 4, 4, 4, 4, 4, 4, 4, 4, 4, 4, 4, 4, 4, 4, 4, 4, 4, 4, 4, 4, 4, 4, 4, 4, 4, 4, 4, 4, 4, 4, 4, 4, 4, 4, 4, 4, 4, 4, 4, 4, 4, 4, 4, 4, 4, 4, 4, 4, 4, 4, 4, 4, 4, 4, 4, 4, 4, 4, 4, 4, 4, 4, 4, 4, 4, 4, 4, 4, 4, 4, 4, 4, 4, 4, 4, 4, 4, 4, 4, 4, 4, 4, 4, 4]]",4,1.5,-6.283404995398598,-5.139700517879499
results/short_seq_4mer_sigma1p5_subset.pkl,naive,4,50,-4.300000000000001,0.46122448979591835,3,"[('CCTC', 'GAGG'), ('CCAC', 'GTGG'), ('CGAA', 'TTCG')]",,4,1.5,-6.283404995398598,-5.139700517879499
results/short_seq_4mer_sigma1p5_subset.pkl,vertex_cover,4,50,-4.300000000000001,0.46122448979591835,4,"[('CTCC', 'GGAG'), ('AAGC', 'GCTT'), ('CGAA', 'TTCG'), ('ACAC', 'GTGT')]","[[4, 4, 4, 4, 4, 4, 4, 4, 4, 4, 4, 4, 4, 4, 4, 4, 4, 4, 4, 4, 4, 4, 4, 4, 4, 4, 4, 4, 4, 4, 4, 4, 4, 4, 4, 4, 4, 4, 4, 4, 4, 4, 4, 4, 4, 4, 4, 4, 4, 4, 4, 4, 4, 4, 4, 4, 4, 4, 4, 4, 4, 4, 4, 4, 4, 4, 4, 4, 4, 4, 4, 4, 4, 4, 4, 4, 4, 4, 4, 4, 4, 4, 4, 4, 4, 4, 4, 4, 4, 4, 4, 4, 4, 4, 4, 4, 4, 4, 4, 4, 4, 4, 4, 4, 4, 4, 4, 4, 4, 4, 4, 4, 4, 4, 4, 4, 4, 4, 4, 4, 4, 4, 4, 4, 4, 4, 4, 4, 4, 4, 4, 4, 4, 4, 4, 4, 4, 4, 4, 4, 4, 4, 4, 4, 4, 4, 4, 4, 4, 4, 4, 4, 4, 4, 4, 4, 4, 4, 4, 4, 4, 4, 4, 4, 4, 4, 4, 4, 4, 4, 4, 4, 4, 4, 4, 4, 4, 4, 4, 4, 4, 4, 4, 4, 4, 4, 4, 4, 4, 4, 4, 4, 4, 4, 4, 4, 4, 4, 4, 4, 4, 4, 4, 4, 4, 4, 4, 4, 4, 4, 4, 4, 4, 4, 4, 4, 4, 4, 4, 4, 4, 4, 4, 4, 4, 4, 4, 4, 4, 4, 4, 4, 4, 4, 4, 4, 4, 4, 4, 4, 4, 4, 4, 4, 4, 4, 4, 4, 4, 4, 4, 4, 4, 4, 4, 4, 4, 4, 4, 4, 4, 4, 4, 4, 4, 4, 4, 4, 4, 4, 4, 4, 4, 4, 4, 4, 4, 4, 4, 4, 4, 4, 4, 4, 4, 4, 4, 4, 4, 4, 4, 4, 4, 4, 4, 4, 4, 4, 4, 4]]",4,1.5,-6.283404995398598,-5.139700517879499
results/short_seq_4mer_sigma1p5_subset.pkl,naive,0,50,-4.2,0.5053061224489795,2,"[('ACCA', 'TGGT'), ('GAGC', 'GCTC')]",,4,1.5,-6.283404995398598,-5.139700517879499
results/short_seq_4mer_sigma1p5_subset.pkl,vertex_cover,0,50,-4.2,0.5053061224489795,3,"[('GGAC', 'GTCC'), ('AAGC', 'GCTT'), ('AACC', 'GGTT')]","[[3, 3, 3, 3, 3, 3, 3, 3, 3, 3, 3, 3, 3, 3, 3, 3, 3, 3, 3, 3, 3, 3, 3, 3, 3, 3, 3, 3, 3, 3, 3, 3, 3, 3, 3, 3, 3, 3, 3, 3, 3, 3, 3, 3, 3, 3, 3, 3, 3, 3, 3, 3, 3, 3, 3, 3, 3, 3, 3, 3, 3, 3, 3, 3, 3, 3, 3, 3, 3, 3, 3, 3, 3, 3, 3, 3, 3, 3, 3, 3, 3, 3, 3, 3, 3, 3, 3, 3, 3, 3, 3, 3, 3, 3, 3, 3, 3, 3, 3, 3, 3, 3, 3, 3, 3, 3, 3, 3, 3, 3, 3, 3, 3, 3, 3, 3, 3, 3, 3, 3, 3, 3, 3, 3, 3, 3, 3, 3, 3, 3, 3, 3, 3, 3, 3, 3, 3, 3, 3, 3, 3, 3, 3, 3, 3, 3, 3, 3, 3, 3, 3, 3, 3, 3, 3, 3, 3, 3, 3, 3, 3, 3, 3, 3, 3, 3, 3, 3, 3, 3, 3, 3, 3, 3, 3, 3, 3, 3, 3, 3, 3, 3, 3, 3, 3, 3, 3, 3, 3, 3, 3, 3, 3, 3, 3, 3, 3, 3, 3, 3, 3, 3, 3, 3, 3, 3, 3, 3, 3, 3, 3, 3, 3, 3, 3, 3, 3, 3, 3, 3, 3, 3, 3, 3, 3, 3, 3, 3, 3, 3, 3, 3, 3, 3, 3, 3, 3, 3, 3, 3, 3, 3, 3, 3, 3, 3, 3, 3, 3, 3, 3, 3, 3, 3, 3, 3, 3, 3, 3, 3, 3, 3, 3, 3, 3, 3, 3, 3, 3, 3, 3, 3, 3, 3, 3, 3, 3, 3, 3, 3, 3, 3, 3, 3, 3, 3, 3, 3, 3, 3, 3, 3, 3, 3, 3, 3, 3, 3, 3, 3]]",4,1.5,-6.283404995398598,-5.139700517879499
results/short_seq_4mer_sigma1p5_subset.pkl,naive,1,50,-4.2,0.5053061224489795,2,"[('CCCA', 'TGGG'), ('GCTA', 'TAGC')]",,4,1.5,-6.283404995398598,-5.139700517879499
results/short_seq_4mer_sigma1p5_subset.pkl,vertex_cover,1,50,-4.2,0.5053061224489795,3,"[('GGAC', 'GTCC'), ('CAGC', 'GCTG'), ('AACC', 'GGTT')]","[[3, 3, 3, 3, 3, 3, 3, 3, 3, 3, 3, 3, 3, 3, 3, 3, 3, 3, 3, 3, 3, 3, 3, 3, 3, 3, 3, 3, 3, 3, 3, 3, 3, 3, 3, 3, 3, 3, 3, 3, 3, 3, 3, 3, 3, 3, 3, 3, 3, 3, 3, 3, 3, 3, 3, 3, 3, 3, 3, 3, 3, 3, 3, 3, 3, 3, 3, 3, 3, 3, 3, 3, 3, 3, 3, 3, 3, 3, 3, 3, 3, 3, 3, 3, 3, 3, 3, 3, 3, 3, 3, 3, 3, 3, 3, 3, 3, 3, 3, 3, 3, 3, 3, 3, 3, 3, 3, 3, 3, 3, 3, 3, 3, 3, 3, 3, 3, 3, 3, 3, 3, 3, 3, 3, 3, 3, 3, 3, 3, 3, 3, 3, 3, 3, 3, 3, 3, 3, 3, 3, 3, 3, 3, 3, 3, 3, 3, 3, 3, 3, 3, 3, 3, 3, 3, 3, 3, 3, 3, 3, 3, 3, 3, 3, 3, 3, 3, 3, 3, 3, 3, 3, 3, 3, 3, 3, 3, 3, 3, 3, 3, 3, 3, 3, 3, 3, 3, 3, 3, 3, 3, 3, 3, 3, 3, 3, 3, 3, 3, 3, 3, 3, 3, 3, 3, 3, 3, 3, 3, 3, 3, 3, 3, 3, 3, 3, 3, 3, 3, 3, 3, 3, 3, 3, 3, 3, 3, 3, 3, 3, 3, 3, 3, 3, 3, 3, 3, 3, 3, 3, 3, 3, 3, 3, 3, 3, 3, 3, 3, 3, 3, 3, 3, 3, 3, 3, 3, 3, 3, 3, 3, 3, 3, 3, 3, 3, 3, 3, 3, 3, 3, 3, 3, 3, 3, 3, 3, 3, 3, 3, 3, 3, 3, 3, 3, 3, 3, 3, 3, 3, 3, 3, 3, 3, 3, 3, 3, 3, 3, 3]]",4,1.5,-6.283404995398598,-5.139700517879499
results/short_seq_4mer_sigma1p5_subset.pkl,naive,2,50,-4.2,0.5053061224489795,2,"[('GCTA', 'TAGC'), ('ACCG', 'CGGT')]",,4,1.5,-6.283404995398598,-5.139700517879499
results/short_seq_4mer_sigma1p5_subset.pkl,vertex_cover,2,50,-4.2,0.5053061224489795,3,"[('GCTA', 'TAGC'), ('CACA', 'TGTG'), ('GGAC', 'GTCC')]","[[2, 2, 2, 2, 2, 3, 3, 3, 3, 3, 3, 3, 3, 3, 3, 3, 3, 3, 3, 3, 3, 3, 3, 3, 3, 3, 3, 3, 3, 3, 3, 3, 3, 3, 3, 3, 3, 3, 3, 3, 3, 3, 3, 3, 3, 3, 3, 3, 3, 3, 3, 3, 3, 3, 3, 3, 3, 3, 3, 3, 3, 3, 3, 3, 3, 3, 3, 3, 3, 3, 3, 3, 3, 3, 3, 3, 3, 3, 3, 3, 3, 3, 3, 3, 3, 3, 3, 3, 3, 3, 3, 3, 3, 3, 3, 3, 3, 3, 3, 3, 3, 3, 3, 3, 3, 3, 3, 3, 3, 3, 3, 3, 3, 3, 3, 3, 3, 3, 3, 3, 3, 3, 3, 3, 3, 3, 3, 3, 3, 3, 3, 3, 3, 3, 3, 3, 3, 3, 3, 3, 3, 3, 3, 3, 3, 3, 3, 3, 3, 3, 3, 3, 3, 3, 3, 3, 3, 3, 3, 3, 3, 3, 3, 3, 3, 3, 3, 3, 3, 3, 3, 3, 3, 3, 3, 3, 3, 3, 3, 3, 3, 3, 3, 3, 3, 3, 3, 3, 3, 3, 3, 3, 3, 3, 3, 3, 3, 3, 3, 3, 3, 3, 3, 3, 3, 3, 3, 3, 3, 3, 3, 3, 3, 3, 3, 3, 3, 3, 3, 3, 3, 3, 3, 3, 3, 3, 3, 3, 3, 3, 3, 3, 3, 3, 3, 3, 3, 3, 3, 3, 3, 3, 3, 3, 3, 3, 3, 3, 3, 3, 3, 3, 3, 3, 3, 3, 3, 3, 3, 3, 3, 3, 3, 3, 3, 3, 3, 3, 3, 3, 3, 3, 3, 3, 3, 3, 3, 3, 3, 3, 3, 3, 3, 3, 3, 3, 3, 3, 3, 3, 3, 3, 3, 3, 3, 3, 3, 3, 3, 3]]",4,1.5,-6.283404995398598,-5.139700517879499
results/short_seq_4mer_sigma1p5_subset.pkl,naive,3,50,-4.2,0.5053061224489795,2,"[('ACCG', 'CGGT'), ('GCAC', 'GTGC')]",,4,1.5,-6.283404995398598,-5.139700517879499
results/short_seq_4mer_sigma1p5_subset.pkl,vertex_cover,3,50,-4.2,0.5053061224489795,3,"[('CACA', 'TGTG'), ('AAGC', 'GCTT'), ('GGAC', 'GTCC')]","[[3, 3, 3, 3, 3, 3, 3, 3, 3, 3, 3, 3, 3, 3, 3, 3, 3, 3, 3, 3, 3, 3, 3, 3, 3, 3, 3, 3, 3, 3, 3, 3, 3, 3, 3, 3, 3, 3, 3, 3, 3, 3, 3, 3, 3, 3, 3, 3, 3, 3, 3, 3, 3, 3, 3, 3, 3, 3, 3, 3, 3, 3, 3, 3, 3, 3, 3, 3, 3, 3, 3, 3, 3, 3, 3, 3, 3, 3, 3, 3, 3, 3, 3, 3, 3, 3, 3, 3, 3, 3, 3, 3, 3, 3, 3, 3, 3, 3, 3, 3, 3, 3, 3, 3, 3, 3, 3, 3, 3, 3, 3, 3, 3, 3, 3, 3, 3, 3, 3, 3, 3, 3, 3, 3, 3, 3, 3, 3, 3, 3, 3, 3, 3, 3, 3, 3, 3, 3, 3, 3, 3, 3, 3, 3, 3, 3, 3, 3, 3, 3, 3, 3, 3, 3, 3, 3, 3, 3, 3, 3, 3, 3, 3, 3, 3, 3, 3, 3, 3, 3, 3, 3, 3, 3, 3, 3, 3, 3, 3, 3, 3, 3, 3, 3, 3, 3, 3, 3, 3, 3, 3, 3, 3, 3, 3, 3, 3, 3, 3, 3, 3, 3, 3, 3, 3, 3, 3, 3, 3, 3, 3, 3, 3, 3, 3, 3, 3, 3, 3, 3, 3, 3, 3, 3, 3, 3, 3, 3, 3, 3, 3, 3, 3, 3, 3, 3, 3, 3, 3, 3, 3, 3, 3, 3, 3, 3, 3, 3, 3, 3, 3, 3, 3, 3, 3, 3, 3, 3, 3, 3, 3, 3, 3, 3, 3, 3, 3, 3, 3, 3, 3, 3, 3, 3, 3, 3, 3, 3, 3, 3, 3, 3, 3, 3, 3, 3, 3, 3, 3, 3, 3, 3, 3, 3, 3, 3, 3, 3, 3, 3]]",4,1.5,-6.283404995398598,-5.139700517879499
results/short_seq_4mer_sigma1p5_subset.pkl,naive,4,50,-4.2,0.5053061224489795,2,"[('CCTC', 'GAGG'), ('CCAG', 'CTGG')]",,4,1.5,-6.283404995398598,-5.139700517879499
results/short_seq_4mer_sigma1p5_subset.pkl,vertex_cover,4,50,-4.2,0.5053061224489795,3,"[('GGAC', 'GTCC'), ('AAGC', 'GCTT'), ('AACC', 'GGTT')]","[[3, 3, 3, 3, 3, 3, 3, 3, 3, 3, 3, 3, 3, 3, 3, 3, 3, 3, 3, 3, 3, 3, 3, 3, 3, 3, 3, 3, 3, 3, 3, 3, 3, 3, 3, 3, 3, 3, 3, 3, 3, 3, 3, 3, 3, 3, 3, 3, 3, 3, 3, 3, 3, 3, 3, 3, 3, 3, 3, 3, 3, 3, 3, 3, 3, 3, 3, 3, 3, 3, 3, 3, 3, 3, 3, 3, 3, 3, 3, 3, 3, 3, 3, 3, 3, 3, 3, 3, 3, 3, 3, 3, 3, 3, 3, 3, 3, 3, 3, 3, 3, 3, 3, 3, 3, 3, 3, 3, 3, 3, 3, 3, 3, 3, 3, 3, 3, 3, 3, 3, 3, 3, 3, 3, 3, 3, 3, 3, 3, 3, 3, 3, 3, 3, 3, 3, 3, 3, 3, 3, 3, 3, 3, 3, 3, 3, 3, 3, 3, 3, 3, 3, 3, 3, 3, 3, 3, 3, 3, 3, 3, 3, 3, 3, 3, 3, 3, 3, 3, 3, 3, 3, 3, 3, 3, 3, 3, 3, 3, 3, 3, 3, 3, 3, 3, 3, 3, 3, 3, 3, 3, 3, 3, 3, 3, 3, 3, 3, 3, 3, 3, 3, 3, 3, 3, 3, 3, 3, 3, 3, 3, 3, 3, 3, 3, 3, 3, 3, 3, 3, 3, 3, 3, 3, 3, 3, 3, 3, 3, 3, 3, 3, 3, 3, 3, 3, 3, 3, 3, 3, 3, 3, 3, 3, 3, 3, 3, 3, 3, 3, 3, 3, 3, 3, 3, 3, 3, 3, 3, 3, 3, 3, 3, 3, 3, 3, 3, 3, 3, 3, 3, 3, 3, 3, 3, 3, 3, 3, 3, 3, 3, 3, 3, 3, 3, 3, 3, 3, 3, 3, 3, 3, 3, 3, 3, 3, 3, 3, 3, 3]]",4,1.5,-6.283404995398598,-5.139700517879499
